lat,lon
53.42764,-6.26065
53.4271,-6.26158
53.42707,-6.26162
53.42703,-6.26166
53.42699,-6.26169
53.42693,-6.26172
53.42685,-6.26174
53.42682,-6.26175
53.42678,-6.26177
53.42675,-6.26179
53.42666,-6.26189
53.42662,-6.26194
53.42656,-6.26203
53.42652,-6.26211
53.42646,-6.26226
53.42644,-6.26233
53.42643,-6.26239
53.42641,-6.26246
53.42639,-6.26262
53.42639,-6.2628
53.42637,-6.26293
53.42635,-6.26302
53.42632,-6.26308
53.42615,-6.26353
53.42612,-6.2636
53.42608,-6.26368
53.42421,-6.26687
53.42418,-6.26691
53.42415,-6.26694
53.42412,-6.26698
53.42409,-6.26701
53.42406,-6.26703
53.42403,-6.26706
53.42397,-6.26711
53.42356,-6.26741
53.4235,-6.26743
53.42349,-6.26744
53.42343,-6.26744
53.42342,-6.26746
53.4234,-6.26748
53.4234,-6.26758
53.42342,-6.26778
53.42358,-6.27077
53.42371,-6.2726
53.42438,-6.28434
53.4244,-6.28455
53.42441,-6.28473
53.42443,-6.28491
53.42486,-6.28757
53.42489,-6.2878
53.42493,-6.2883
53.42493,-6.28902
53.42492,-6.2892
53.42492,-6.28938
53.42491,-6.28958
53.42479,-6.29071
53.42477,-6.29104
53.42477,-6.29141
53.42478,-6.29182
53.42501,-6.29598
53.42501,-6.29608
53.425,-6.29617
53.42498,-6.29627
53.42496,-6.29634
53.42493,-6.29641
53.42489,-6.29648
53.42485,-6.29654
53.42481,-6.29658
53.42473,-6.29664
53.42447,-6.29669
53.42342,-6.29685
53.42338,-6.29685
53.4234,-6.29726
53.42342,-6.29827
53.4234,-6.30084
53.42332,-6.30362
53.42332,-6.3049
53.42333,-6.30529
53.42336,-6.30569
53.42338,-6.30587
53.42429,-6.30552
53.4243,-6.30553
53.4243,-6.30555
53.42431,-6.30556
53.42431,-6.30557
53.42432,-6.30559
53.42432,-6.3056
53.42433,-6.30561
53.42433,-6.30562
53.42437,-6.30566
53.42438,-6.30566
53.42439,-6.30567
53.4244,-6.30567
53.42441,-6.30568
53.42443,-6.30568
53.42442,-6.30615
53.42444,-6.30678
53.42449,-6.30756
53.42466,-6.3091
53.42479,-6.31048
53.42482,-6.31091
53.42482,-6.31184
53.42478,-6.31255
53.42472,-6.31322
53.42425,-6.31691
53.42424,-6.31712
53.4242,-6.31763
53.42417,-6.31844
53.42413,-6.31876
53.42408,-6.31906
53.42393,-6.31979
53.42389,-6.31993
53.4236,-6.32117
53.42355,-6.32144
53.42353,-6.32164
53.42352,-6.32189
53.42352,-6.32251
53.42354,-6.32299
53.42354,-6.32307
53.42357,-6.32334
53.42357,-6.32337
53.42366,-6.32394
53.42366,-6.32396
53.42368,-6.32412
53.42368,-6.32424
53.42369,-6.3243
53.42367,-6.32469
53.42365,-6.32483
53.42351,-6.32533
53.4235,-6.32539
53.42343,-6.32566
53.4233,-6.32623
53.42295,-6.32599
53.42293,-6.32598
53.42277,-6.32586
53.42243,-6.32562
53.42226,-6.32551
53.4222,-6.32545
53.42196,-6.32526
53.4216,-6.325
53.42129,-6.32481
53.42123,-6.32473
53.42116,-6.32465
53.42108,-6.32454
53.421,-6.32441
53.42093,-6.32428
53.42088,-6.32417
53.42084,-6.32405
53.42081,-6.32398
53.42077,-6.32391
53.42064,-6.32359
53.42049,-6.32335
53.42032,-6.32311
53.42027,-6.32299
53.42024,-6.32293
53.42021,-6.32275
53.42021,-6.32272
53.42022,-6.32271
53.42022,-6.32261
53.42021,-6.32259
53.42021,-6.32257
53.4202,-6.32256
53.4202,-6.32253
53.42019,-6.32252
53.42019,-6.32251
53.42017,-6.32249
53.42017,-6.32248
53.42016,-6.32247
53.42015,-6.32247
53.42015,-6.32246
53.42014,-6.32245
53.42012,-6.32245
53.42012,-6.32244
53.42006,-6.32244
53.42005,-6.32245
53.42004,-6.32245
53.42003,-6.32246
53.41988,-6.32237
53.41984,-6.32233
53.41978,-6.32226
53.41967,-6.32207
53.41948,-6.32167
53.41925,-6.32123
53.41905,-6.32087
53.41871,-6.32034
53.41834,-6.31983
53.41787,-6.31928
53.41751,-6.3189
53.41744,-6.31884
53.41718,-6.31858
53.41663,-6.31811
53.41646,-6.31798
53.41644,-6.31796
53.41604,-6.31766
53.41598,-6.31762
53.41588,-6.3176
53.41579,-6.31759
53.4136,-6.31597
53.41358,-6.31596
53.41289,-6.31549
53.41169,-6.31471
53.41111,-6.31441
53.41054,-6.3141
53.41025,-6.31396
53.40982,-6.31373
53.40917,-6.31341
53.40717,-6.31253
53.40705,-6.31251
53.40674,-6.31242
53.4063,-6.31224
53.40599,-6.31204
53.40579,-6.31188
53.40514,-6.31124
53.40481,-6.31088
53.40474,-6.31082
53.40464,-6.3107
53.40458,-6.31065
53.40446,-6.31061
53.40425,-6.31048
53.40424,-6.31048
53.40405,-6.31042
53.40395,-6.3104
53.40386,-6.31042
53.40374,-6.31044
53.4036,-6.3105
53.40344,-6.3106
53.40335,-6.31069
53.4032,-6.31086
53.40316,-6.31091
53.40315,-6.31092
53.40313,-6.31096
53.40311,-6.31099
53.40304,-6.31113
53.40293,-6.31137
53.40287,-6.31157
53.40282,-6.3118
53.40278,-6.31205
53.40277,-6.31232
53.40277,-6.31404
53.40274,-6.31438
53.40269,-6.31478
53.4026,-6.31527
53.40255,-6.31547
53.40229,-6.31637
53.40219,-6.31669
53.40192,-6.31748
53.40187,-6.31766
53.40183,-6.31778
53.40179,-6.31787
53.40177,-6.31806
53.40115,-6.31974
53.40097,-6.32026
53.39345,-6.34071
53.39326,-6.3412
53.39317,-6.34146
53.39312,-6.34158
53.39308,-6.34171
53.39305,-6.34178
53.39259,-6.34306
53.39194,-6.3448
53.39176,-6.34531
53.39159,-6.34575
53.39023,-6.34947
53.39013,-6.34972
53.39006,-6.34993
53.39005,-6.34994
53.3898,-6.35063
53.38897,-6.35282
53.38833,-6.35441
53.38731,-6.3566
53.38715,-6.35689
53.38656,-6.35787
53.38628,-6.3583
53.38612,-6.35853
53.38571,-6.35909
53.38566,-6.35915
53.38557,-6.35927
53.38525,-6.35966
53.38439,-6.36066
53.38438,-6.36068
53.38391,-6.36121
53.38256,-6.36278
53.38244,-6.36293
53.38141,-6.36409
53.381,-6.36457
53.3804,-6.36524
53.38038,-6.36527
53.37896,-6.36693
53.37873,-6.36718
53.37528,-6.37115
53.37448,-6.37201
53.37352,-6.37295
53.37254,-6.37385
53.3723,-6.37408
53.37198,-6.37441
53.37193,-6.37448
53.37165,-6.37481
53.37151,-6.37499
53.37108,-6.37561
53.3706,-6.37642
53.37045,-6.3767
53.37001,-6.37746
53.36968,-6.378
53.36915,-6.37874
53.36874,-6.37924
53.36849,-6.37952
53.36828,-6.37973
53.36774,-6.38024
53.36749,-6.38044
53.36702,-6.38079
53.36659,-6.38106
53.36617,-6.38128
53.36605,-6.38133
53.36591,-6.3814
53.36573,-6.38148
53.36537,-6.38161
53.36481,-6.38176
53.36446,-6.38188
53.36399,-6.382
53.36301,-6.38239
53.36277,-6.3825
53.3626,-6.38256
53.36216,-6.38269
53.36183,-6.38277
53.36127,-6.38289
53.35959,-6.38328
53.35696,-6.38402
53.35641,-6.38416
53.35533,-6.38437
53.35515,-6.38442
53.35443,-6.38459
53.35373,-6.38477
53.35253,-6.38505
53.35251,-6.38505
53.35236,-6.38509
53.35205,-6.38516
53.35162,-6.38527
53.34796,-6.38607
53.34769,-6.38612
53.34739,-6.38619
53.34728,-6.38622
53.34559,-6.38662
53.3425,-6.38731
53.34208,-6.38737
53.34197,-6.38739
53.34154,-6.38743
53.34144,-6.38743
53.34131,-6.38744
53.341,-6.38744
53.3407,-6.38743
53.34039,-6.38741
53.34018,-6.38739
53.34014,-6.38739
53.33994,-6.38736
53.33922,-6.3872
53.33893,-6.38711
53.33837,-6.38691
53.33807,-6.38678
53.33775,-6.38662
53.33714,-6.38626
53.33687,-6.38608
53.3365,-6.38585
53.33621,-6.38564
53.33562,-6.38517
53.33542,-6.38499
53.33481,-6.38437
53.334,-6.38349
53.33376,-6.38326
53.33366,-6.38315
53.33355,-6.38304
53.32495,-6.37393
53.32374,-6.37262
53.32298,-6.37189
53.32294,-6.37178
53.3229,-6.3717
53.3229,-6.37169
53.32287,-6.37164
53.32279,-6.37155
53.32175,-6.37048
53.32171,-6.37043
53.32162,-6.37035
53.32113,-6.36985
53.32107,-6.36978
53.32089,-6.36954
53.32083,-6.36945
53.32079,-6.36938
53.32072,-6.36927
53.32057,-6.36895
53.32049,-6.36876
53.32045,-6.36864
53.32045,-6.36863
53.32028,-6.36813
53.32024,-6.36803
53.32023,-6.36801
53.32021,-6.36794
53.32018,-6.36787
53.32015,-6.36781
53.32012,-6.36777
53.32011,-6.36774
53.32008,-6.3677
53.32006,-6.36765
53.32002,-6.3676
53.32,-6.36757
53.31992,-6.36747
53.31985,-6.36739
53.3198,-6.36735
53.31976,-6.36731
53.31965,-6.36724
53.31952,-6.36718
53.31951,-6.36718
53.31934,-6.36711
53.31933,-6.36711
53.31881,-6.36695
53.3186,-6.36691
53.31853,-6.36691
53.31848,-6.36692
53.31842,-6.36694
53.31838,-6.36695
53.31834,-6.36697
53.31824,-6.36704
53.31814,-6.36714
53.3181,-6.36719
53.31807,-6.36724
53.31804,-6.36728
53.31801,-6.36733
53.31791,-6.36754
53.31787,-6.36767
53.31776,-6.36811
53.31773,-6.36829
53.31771,-6.36859
53.31773,-6.3689
53.31773,-6.36916
53.31772,-6.36928
53.31772,-6.36947
53.31773,-6.36952
53.31773,-6.36958
53.31772,-6.36965
53.31771,-6.3698
53.31767,-6.37006
53.31764,-6.37019
53.31762,-6.37031
53.31733,-6.37167
53.31701,-6.37344
53.31674,-6.37472
53.31646,-6.37594
53.31627,-6.37683
53.31607,-6.37763
53.31605,-6.37774
53.3158,-6.37872
53.31572,-6.37907
53.31545,-6.38011
53.31543,-6.38021
53.31537,-6.38041
53.31495,-6.38198
53.31491,-6.3821
53.31441,-6.38402
53.31398,-6.38579
53.31386,-6.38623
53.31375,-6.38668
53.31362,-6.38715
53.31358,-6.38734
53.31348,-6.38768
53.31337,-6.3881
53.3132,-6.38869
53.31287,-6.39019
53.31275,-6.39083
53.31273,-6.39097
53.31266,-6.39134
53.31245,-6.39287
53.31239,-6.39347
53.31219,-6.39517
53.31211,-6.39568
53.31193,-6.39661
53.31185,-6.39696
53.31177,-6.39727
53.31153,-6.3981
53.31131,-6.39872
53.31127,-6.39882
53.31127,-6.39883
53.31116,-6.39911
53.31114,-6.39914
53.31094,-6.39962
53.31054,-6.40046
53.31036,-6.40079
53.3098,-6.40169
53.3097,-6.40182
53.30964,-6.40193
53.30949,-6.40217
53.30925,-6.40253
53.30924,-6.40255
53.3081,-6.40434
53.30749,-6.40534
53.30725,-6.40576
53.30675,-6.40673
53.30648,-6.4073
53.3062,-6.40794
53.30578,-6.409
53.30488,-6.41142
53.30457,-6.4122
53.30434,-6.41284
53.30426,-6.41311
53.30408,-6.41357
53.30393,-6.41401
53.30382,-6.41429
53.30363,-6.41483
53.30324,-6.41586
53.30313,-6.41618
53.30274,-6.41724
53.30269,-6.41735
53.30233,-6.4183
53.30202,-6.41901
53.30188,-6.4193
53.30186,-6.41935
53.30165,-6.41976
53.30131,-6.42039
53.30064,-6.42148
53.30031,-6.42196
53.30021,-6.42209
53.30011,-6.42221
53.30005,-6.42229
53.29963,-6.4228
53.29931,-6.42315
53.29902,-6.42342
53.29771,-6.42472
53.29757,-6.42485
53.29539,-6.42703
53.29494,-6.4275
53.29434,-6.42822
53.29405,-6.42864
53.29391,-6.42883
53.29387,-6.42889
53.29383,-6.42896
53.29379,-6.42902
53.2937,-6.42918
53.29361,-6.42932
53.29347,-6.42958
53.29331,-6.42992
53.29322,-6.43009
53.29294,-6.43076
53.29293,-6.43077
53.29265,-6.43147
53.29253,-6.43181
53.29238,-6.43232
53.2923,-6.43263
53.29223,-6.43287
53.29202,-6.43385
53.29196,-6.43433
53.29189,-6.43478
53.29169,-6.43666
53.29166,-6.43707
53.29121,-6.44181
53.29109,-6.44287
53.29095,-6.44374
53.29081,-6.44443
53.29065,-6.44509
53.29045,-6.44579
53.29028,-6.44628
53.29018,-6.44654
53.29013,-6.44669
53.28998,-6.44705
53.28968,-6.4477
53.28947,-6.44811
53.28903,-6.44888
53.28643,-6.45313
53.28555,-6.45462
53.28521,-6.45528
53.2849,-6.45599
53.28462,-6.45672
53.28433,-6.45765
53.28427,-6.45789
53.28424,-6.45798
53.28413,-6.45846
53.28409,-6.45861
53.28403,-6.45895
53.28396,-6.45928
53.2838,-6.46032
53.28375,-6.46076
53.28374,-6.46093
53.28371,-6.4612
53.2837,-6.46143
53.28369,-6.46148
53.28368,-6.46163
53.28366,-6.46227
53.28366,-6.46245
53.28365,-6.46274
53.28365,-6.46486
53.28361,-6.46622
53.28357,-6.46674
53.2835,-6.46736
53.2835,-6.46742
53.28348,-6.46751
53.28338,-6.46824
53.28309,-6.46972
53.28178,-6.47579
53.28147,-6.47716
53.28141,-6.47747
53.28102,-6.47926
53.27975,-6.48474
53.27972,-6.48484
53.27942,-6.48616
53.27939,-6.48627
53.27921,-6.48704
53.27921,-6.48708
53.27888,-6.48846
53.27871,-6.48924
53.27865,-6.48946
53.27848,-6.49023
53.27841,-6.49051
53.27841,-6.49053
53.27827,-6.49111
53.27823,-6.49132
53.27807,-6.49203
53.27805,-6.49208
53.27798,-6.4924
53.27766,-6.4941
53.27754,-6.49484
53.27753,-6.49487
53.27738,-6.49575
53.27734,-6.49604
53.27731,-6.49619
53.27613,-6.50329
53.27612,-6.50339
53.27598,-6.50415
53.2759,-6.50452
53.27589,-6.50453
53.27584,-6.50478
53.2757,-6.50533
53.27553,-6.50589
53.27549,-6.50604
53.27526,-6.50672
53.27512,-6.50709
53.27501,-6.50734
53.2749,-6.50762
53.27472,-6.50799
53.27461,-6.50824
53.27456,-6.50833
53.27305,-6.51137
53.27294,-6.51157
53.27054,-6.51636
53.27048,-6.51647
53.27011,-6.51726
53.27009,-6.51731
53.26991,-6.5177
53.26981,-6.51794
53.26853,-6.52079
53.26829,-6.52135
53.26785,-6.52231
53.26569,-6.52718
53.26568,-6.52722
53.2647,-6.52946
53.26444,-6.53012
53.26439,-6.53028
53.26416,-6.53092
53.26393,-6.53164
53.26389,-6.53179
53.26363,-6.53265
53.26339,-6.53353
53.26333,-6.53371
53.26323,-6.53409
53.26313,-6.53443
53.26309,-6.5346
53.263,-6.5349
53.26296,-6.53506
53.26211,-6.53804
53.26209,-6.53813
53.26202,-6.53835
53.26094,-6.54207
53.26085,-6.54235
53.26045,-6.54373
53.26039,-6.5439
53.26029,-6.54423
53.26029,-6.54425
53.25988,-6.54567
53.25987,-6.54569
53.25915,-6.54819
53.25915,-6.54821
53.25879,-6.54948
53.25877,-6.54958
53.25809,-6.55193
53.25801,-6.55223
53.2578,-6.55293
53.25706,-6.55553
53.25705,-6.55555
53.25682,-6.55635
53.25648,-6.55761
53.25621,-6.55877
53.25597,-6.55989
53.2559,-6.56027
53.2553,-6.56307
53.25518,-6.56354
53.25509,-6.56394
53.25488,-6.56472
53.25421,-6.56693
53.25414,-6.56714
53.25413,-6.5672
53.25407,-6.56739
53.2539,-6.56803
53.25383,-6.56826
53.25374,-6.56859
53.25334,-6.57031
53.25307,-6.57165
53.25304,-6.57185
53.25301,-6.57199
53.25287,-6.57281
53.25271,-6.57389
53.25266,-6.57434
53.25262,-6.5746
53.25245,-6.57634
53.25244,-6.5765
53.2524,-6.57675
53.25239,-6.57694
53.25235,-6.57722
53.25224,-6.57818
53.25204,-6.57955
53.25202,-6.57964
53.2508,-6.58704
53.25042,-6.58888
53.25014,-6.58999
53.24989,-6.59086
53.24974,-6.59132
53.2496,-6.59179
53.24957,-6.59191
53.24951,-6.59209
53.24947,-6.59223
53.24936,-6.59255
53.24922,-6.59301
53.24885,-6.59407
53.24875,-6.59432
53.24872,-6.59441
53.2474,-6.59775
53.24656,-6.59981
53.24654,-6.59987
53.2445,-6.60494
53.24449,-6.60498
53.24446,-6.60504
53.24419,-6.60575
53.24418,-6.60581
53.24417,-6.60585
53.24414,-6.60591
53.24355,-6.6074
53.24353,-6.60747
53.24334,-6.60792
53.2433,-6.60804
53.24325,-6.60815
53.24268,-6.60958
53.24204,-6.61126
53.242,-6.61135
53.2419,-6.61162
53.24171,-6.61208
53.24162,-6.61233
53.24113,-6.61353
53.24113,-6.61354
53.2396,-6.6174
53.23902,-6.61893
53.23867,-6.61978
53.23771,-6.62221
53.23716,-6.62355
53.23708,-6.62376
53.2364,-6.62539
53.23578,-6.62701
53.23563,-6.62743
53.23538,-6.62808
53.23523,-6.62855
53.23498,-6.6295
53.23489,-6.63001
53.23487,-6.63018
53.23484,-6.63035
53.23474,-6.6312
53.2347,-6.63189
53.23468,-6.63258
53.23468,-6.63309
53.23469,-6.63354
53.23471,-6.6339
53.23479,-6.63483
53.23487,-6.63552
53.23498,-6.63615
53.23521,-6.63722
53.23536,-6.63776
53.2355,-6.63822
53.2356,-6.63842
53.23578,-6.63882
53.23597,-6.63931
53.23705,-6.64159
53.2372,-6.64187
53.23938,-6.64628
53.23971,-6.64698
53.24002,-6.6477
53.24036,-6.64859
53.2406,-6.64929
53.24084,-6.65012
53.24101,-6.65075
53.2412,-6.65158
53.24135,-6.65239
53.24151,-6.65339
53.24161,-6.65409
53.2417,-6.65516
53.24175,-6.65596
53.24178,-6.65675
53.24177,-6.65756
53.24173,-6.65895
53.24169,-6.65939
53.24167,-6.65972
53.24162,-6.66021
53.24156,-6.66061
53.24148,-6.66128
53.24128,-6.66241
53.24127,-6.66243
53.24106,-6.66343
53.24092,-6.66397
53.24055,-6.66526
53.24032,-6.666
53.24018,-6.66631
53.23916,-6.66972
53.23915,-6.66973
53.23838,-6.6723
53.23832,-6.67247
53.23669,-6.67778
53.23625,-6.67909
53.23551,-6.68109
53.23495,-6.6825
53.23455,-6.68343
53.2345,-6.68356
53.23383,-6.68508
53.23285,-6.68708
53.23273,-6.68731
53.23182,-6.68892
53.2306,-6.69082
53.22965,-6.69213
53.22912,-6.69281
53.22838,-6.69372
53.22804,-6.69412
53.22699,-6.69526
53.22662,-6.69563
53.22589,-6.69633
53.22503,-6.69709
53.22437,-6.69763
53.22392,-6.69798
53.2235,-6.69829
53.22253,-6.69895
53.22198,-6.6993
53.22154,-6.69956
53.2215,-6.69959
53.22106,-6.69983
53.21556,-6.70303
53.21525,-6.7032
53.21448,-6.70368
53.21429,-6.70381
53.21392,-6.70409
53.21372,-6.70426
53.21297,-6.70498
53.21272,-6.70526
53.21244,-6.70559
53.21227,-6.70581
53.21153,-6.70691
53.21116,-6.70757
53.21074,-6.70837
53.2107,-6.70846
53.21068,-6.70848
53.20782,-6.71397
53.20738,-6.71471
53.20714,-6.71507
53.20681,-6.71554
53.20674,-6.71565
53.20662,-6.7158
53.20656,-6.71589
53.2059,-6.71667
53.20563,-6.71695
53.20551,-6.71709
53.20525,-6.71734
53.20483,-6.71772
53.2045,-6.71799
53.20382,-6.71849
53.2034,-6.71878
53.20326,-6.71884
53.20302,-6.71897
53.20251,-6.71921
53.20208,-6.71937
53.20187,-6.71946
53.20106,-6.71972
53.19977,-6.72017
53.19959,-6.72024
53.19877,-6.72053
53.19836,-6.72069
53.19818,-6.72077
53.1981,-6.7208
53.19785,-6.72091
53.19752,-6.72107
53.19745,-6.7211
53.19681,-6.72145
53.19655,-6.72161
53.19595,-6.72201
53.19565,-6.72222
53.19523,-6.72254
53.19449,-6.72318
53.1943,-6.72336
53.19413,-6.72351
53.19403,-6.72361
53.19398,-6.72367
53.19385,-6.72379
53.19365,-6.72401
53.19357,-6.72408
53.19348,-6.72419
53.19268,-6.72508
53.18715,-6.73137
53.18687,-6.73167
53.18653,-6.73207
53.18383,-6.73513
53.18372,-6.73524
53.17807,-6.74168
53.17686,-6.74303
53.17567,-6.74448
53.17514,-6.7452
53.17467,-6.74589
53.17428,-6.74649
53.17383,-6.74722
53.17296,-6.74879
53.17242,-6.74986
53.17202,-6.75071
53.17165,-6.75158
53.17112,-6.75288
53.1709,-6.75347
53.17032,-6.75515
53.17027,-6.75535
53.16672,-6.76657
53.16663,-6.76683
53.16175,-6.7822
53.16166,-6.78246
53.16106,-6.78439
53.16076,-6.78558
53.16062,-6.78622
53.16052,-6.78675
53.16031,-6.78802
53.16025,-6.78855
53.16022,-6.78876
53.16018,-6.78913
53.16008,-6.79046
53.16006,-6.79084
53.16004,-6.79189
53.16004,-6.79263
53.16009,-6.79387
53.16013,-6.79442
53.16025,-6.79567
53.16043,-6.79687
53.16054,-6.79752
53.16076,-6.79854
53.16089,-6.79905
53.16125,-6.80035
53.16184,-6.80219
53.1619,-6.80242
53.16214,-6.80325
53.16228,-6.8038
53.16235,-6.80413
53.16242,-6.80442
53.16253,-6.80493
53.1627,-6.80589
53.16285,-6.80698
53.16294,-6.80778
53.163,-6.80848
53.16305,-6.8093
53.16307,-6.81011
53.16306,-6.81133
53.16301,-6.81236
53.1628,-6.81502
53.16279,-6.81509
53.1618,-6.82687
53.16178,-6.82718
53.16177,-6.82726
53.16165,-6.82872
53.16147,-6.83061
53.16118,-6.83326
53.16086,-6.83571
53.16083,-6.83599
53.15788,-6.85664
53.1577,-6.85781
53.15715,-6.86175
53.1567,-6.86476
53.1564,-6.86661
53.15598,-6.86903
53.15585,-6.86971
53.15581,-6.86997
53.15517,-6.87333
53.15435,-6.87743
53.15344,-6.88175
53.15293,-6.88446
53.15285,-6.88496
53.15281,-6.88516
53.1528,-6.88525
53.15277,-6.8854
53.15254,-6.88688
53.15216,-6.88962
53.15212,-6.89001
53.152,-6.89091
53.1517,-6.89386
53.15155,-6.89557
53.15152,-6.89584
53.15134,-6.89864
53.15134,-6.89876
53.15129,-6.89969
53.15121,-6.90181
53.15117,-6.90426
53.15117,-6.90639
53.1512,-6.90876
53.15127,-6.91073
53.15133,-6.91182
53.15133,-6.9119
53.15153,-6.91499
53.15176,-6.91753
53.1521,-6.92049
53.15333,-6.92975
53.15337,-6.92997
53.15394,-6.93425
53.15416,-6.93619
53.1544,-6.93895
53.15456,-6.94142
53.15463,-6.94309
53.15469,-6.94604
53.15467,-6.94806
53.15459,-6.95057
53.15449,-6.95262
53.15434,-6.95461
53.1542,-6.9562
53.15415,-6.9566
53.15406,-6.95749
53.15397,-6.95825
53.15034,-6.9844
53.15032,-6.98459
53.15013,-6.98594
53.15012,-6.98604
53.14966,-6.9893
53.14961,-6.98959
53.14894,-6.9944
53.14893,-6.99442
53.14732,-7.00576
53.14732,-7.00578
53.1467,-7.00999
53.14652,-7.01131
53.14638,-7.01216
53.1461,-7.0137
53.14577,-7.01535
53.1454,-7.01705
53.14524,-7.01771
53.14519,-7.01798
53.1451,-7.01833
53.14491,-7.01916
53.14462,-7.02025
53.14425,-7.0215
53.14409,-7.022
53.14298,-7.02485
53.14286,-7.02511
53.14285,-7.02512
53.14264,-7.02562
53.1421,-7.02677
53.14206,-7.02684
53.14185,-7.02726
53.14144,-7.02803
53.14098,-7.02882
53.1407,-7.02928
53.14069,-7.02929
53.14064,-7.02938
53.14016,-7.03011
53.14011,-7.03018
53.14008,-7.03023
53.13944,-7.03112
53.1392,-7.03142
53.13895,-7.03175
53.13844,-7.03235
53.13831,-7.03249
53.13813,-7.0327
53.13791,-7.03293
53.1371,-7.03373
53.13655,-7.03422
53.13629,-7.03444
53.13627,-7.03445
53.13627,-7.03446
53.13598,-7.03469
53.13597,-7.0347
53.1358,-7.03482
53.13578,-7.03484
53.13564,-7.03494
53.13562,-7.03496
53.13532,-7.03518
53.13471,-7.03558
53.13424,-7.03586
53.13395,-7.03602
53.13327,-7.03637
53.1326,-7.03666
53.1324,-7.03674
53.13206,-7.03686
53.13146,-7.03705
53.12991,-7.03748
53.12951,-7.0376
53.12809,-7.03799
53.12804,-7.038
53.12637,-7.03848
53.12559,-7.03874
53.12526,-7.03886
53.12509,-7.03893
53.12508,-7.03893
53.12493,-7.03899
53.12491,-7.039
53.12437,-7.03922
53.1237,-7.03956
53.12361,-7.0396
53.12328,-7.03979
53.12268,-7.04017
53.12249,-7.0403
53.12182,-7.0408
53.12118,-7.04136
53.12087,-7.04165
53.1206,-7.04193
53.12054,-7.04198
53.12035,-7.04218
53.12015,-7.04241
53.12008,-7.04248
53.12,-7.04258
53.11974,-7.04287
53.11923,-7.04352
53.11873,-7.04422
53.11872,-7.04423
53.11833,-7.04482
53.11809,-7.0452
53.11789,-7.04554
53.11769,-7.0459
53.11767,-7.04593
53.1176,-7.04606
53.11756,-7.04612
53.11744,-7.04634
53.11694,-7.04735
53.11657,-7.04816
53.11623,-7.04898
53.11598,-7.04964
53.11574,-7.05031
53.11526,-7.05185
53.11475,-7.05381
53.11455,-7.05469
53.11432,-7.05583
53.11416,-7.05676
53.11393,-7.05824
53.1137,-7.06035
53.11358,-7.06187
53.11354,-7.0627
53.1135,-7.06414
53.11351,-7.06582
53.11353,-7.0666
53.11367,-7.06925
53.11368,-7.0696
53.11373,-7.07039
53.11406,-7.07695
53.11407,-7.07728
53.11411,-7.07795
53.1142,-7.08058
53.11421,-7.08119
53.11422,-7.08129
53.11424,-7.08302
53.11423,-7.08502
53.1142,-7.0869
53.11411,-7.08941
53.1139,-7.09289
53.11366,-7.09567
53.11342,-7.09792
53.11323,-7.09944
53.11272,-7.10294
53.11236,-7.10509
53.11157,-7.10955
53.1109,-7.11312
53.11059,-7.11466
53.11058,-7.11469
53.1104,-7.11569
53.11004,-7.11741
53.11002,-7.11754
53.10922,-7.12128
53.10881,-7.1231
53.10879,-7.12317
53.10848,-7.12456
53.10834,-7.12513
53.10828,-7.12541
53.10823,-7.1256
53.10782,-7.12736
53.10779,-7.12746
53.10757,-7.12839
53.10696,-7.13075
53.10627,-7.13362
53.10573,-7.13568
53.10556,-7.13629
53.10547,-7.13665
53.10504,-7.1382
53.10503,-7.13826
53.10482,-7.13897
53.10474,-7.13927
53.10358,-7.14315
53.10245,-7.14668
53.10117,-7.15042
53.10116,-7.15044
53.10115,-7.15048
53.10098,-7.15095
53.1008,-7.15149
53.09993,-7.15386
53.09917,-7.15572
53.09915,-7.15576
53.09914,-7.1558
53.09906,-7.15597
53.09884,-7.15649
53.09827,-7.15774
53.09773,-7.15887
53.09754,-7.15923
53.0974,-7.15953
53.09686,-7.16054
53.09672,-7.16078
53.09634,-7.16148
53.09573,-7.16252
53.09483,-7.16395
53.0942,-7.16488
53.09364,-7.16567
53.09174,-7.16815
53.09135,-7.16868
53.09033,-7.17016
53.08979,-7.17098
53.08931,-7.17174
53.08892,-7.17239
53.08828,-7.17351
53.0875,-7.17496
53.08652,-7.17697
53.08605,-7.17802
53.08543,-7.17949
53.08456,-7.18171
53.08429,-7.18246
53.08382,-7.18385
53.08342,-7.1851
53.08323,-7.18573
53.08305,-7.18637
53.08298,-7.18658
53.0829,-7.18685
53.0829,-7.18686
53.08283,-7.18712
53.0828,-7.18721
53.08249,-7.18828
53.08209,-7.18957
53.08174,-7.19063
53.0812,-7.19217
53.0805,-7.19397
53.08013,-7.19486
53.07951,-7.19629
53.07898,-7.19743
53.0781,-7.19919
53.07766,-7.2
53.07685,-7.20143
53.07616,-7.20255
53.06748,-7.21597
53.06701,-7.21656
53.06674,-7.21698
53.06674,-7.21699
53.06635,-7.21758
53.06373,-7.22168
53.0637,-7.22172
53.06205,-7.22422
53.06204,-7.22423
53.0617,-7.22475
53.06142,-7.22514
53.06066,-7.22633
53.0597,-7.2277
53.05877,-7.22908
53.05797,-7.23016
53.05794,-7.23021
53.05789,-7.23028
53.05629,-7.23229
53.05588,-7.23278
53.05516,-7.23368
53.05428,-7.23472
53.05341,-7.23578
53.05289,-7.23645
53.05285,-7.23649
53.05227,-7.2372
53.05168,-7.23788
53.0509,-7.23871
53.04992,-7.2396
53.04961,-7.23985
53.04945,-7.23999
53.04869,-7.24061
53.04818,-7.24096
53.04759,-7.24134
53.04658,-7.24193
53.04616,-7.24216
53.0449,-7.24274
53.0445,-7.24289
53.04387,-7.24311
53.04318,-7.24333
53.04268,-7.24345
53.04211,-7.24357
53.04088,-7.2437
53.04011,-7.24386
53.03911,-7.2441
53.03836,-7.24434
53.0375,-7.24469
53.03683,-7.24502
53.03677,-7.24504
53.03666,-7.24511
53.03614,-7.24539
53.03602,-7.24546
53.03494,-7.24623
53.0343,-7.24671
53.03348,-7.24745
53.0325,-7.24839
53.03187,-7.2491
53.03084,-7.25033
53.03073,-7.25045
53.0298,-7.25155
53.02793,-7.25384
53.02789,-7.25388
53.02686,-7.25508
53.02682,-7.25512
53.02592,-7.25621
53.02157,-7.26121
53.02048,-7.26254
53.02023,-7.26287
53.01964,-7.26369
53.01915,-7.26442
53.0186,-7.26533
53.01837,-7.26573
53.01815,-7.26615
53.01793,-7.26654
53.01757,-7.26725
53.01711,-7.26823
53.01665,-7.26928
53.01641,-7.26987
53.01641,-7.26989
53.01631,-7.27014
53.01622,-7.2704
53.01618,-7.27048
53.01569,-7.27191
53.01568,-7.27195
53.01543,-7.27272
53.01497,-7.27437
53.01471,-7.2754
53.0147,-7.27548
53.01446,-7.2766
53.01413,-7.27836
53.01391,-7.27993
53.0138,-7.28084
53.01371,-7.28173
53.01361,-7.283
53.01354,-7.28447
53.01351,-7.2866
53.01345,-7.28837
53.01343,-7.29024
53.01342,-7.29047
53.01337,-7.29487
53.01336,-7.29496
53.01328,-7.30281
53.01327,-7.30296
53.01325,-7.30573
53.01327,-7.30708
53.0133,-7.30801
53.01341,-7.30986
53.0135,-7.3108
53.01373,-7.31277
53.01398,-7.31434
53.01405,-7.3149
53.01407,-7.315
53.01408,-7.31508
53.01432,-7.31632
53.01454,-7.31731
53.01478,-7.31826
53.01504,-7.31919
53.01529,-7.31997
53.01571,-7.32116
53.01632,-7.32269
53.01687,-7.32393
53.01715,-7.3245
53.0177,-7.32571
53.01793,-7.32627
53.01826,-7.32715
53.01826,-7.32717
53.01835,-7.32741
53.01837,-7.32749
53.0186,-7.32818
53.01895,-7.32942
53.01901,-7.32968
53.01911,-7.33006
53.01924,-7.33067
53.01929,-7.33106
53.01943,-7.33172
53.01957,-7.3325
53.01959,-7.33268
53.01971,-7.33329
53.01983,-7.33405
53.01994,-7.33497
53.02,-7.33572
53.02009,-7.33643
53.02012,-7.33679
53.02016,-7.33821
53.02016,-7.33945
53.02013,-7.34035
53.02007,-7.34143
53.02,-7.34227
53.01994,-7.34282
53.0198,-7.34389
53.01964,-7.34488
53.01945,-7.34588
53.01923,-7.34688
53.01898,-7.34786
53.01365,-7.36613
53.01358,-7.3664
53.01356,-7.36645
53.0135,-7.36667
53.01348,-7.36672
53.0129,-7.36867
53.01255,-7.36976
53.01186,-7.37175
53.01179,-7.37192
53.0117,-7.37218
53.01169,-7.37219
53.01153,-7.37263
53.01064,-7.37483
53.01017,-7.37588
53.0101,-7.37605
53.00934,-7.37764
53.00882,-7.37867
53.00873,-7.37886
53.00786,-7.38043
53.00786,-7.38045
53.00572,-7.38416
53.00562,-7.38435
53.00347,-7.3881
53.00326,-7.38845
53.0032,-7.38856
53.00318,-7.38859
53.00257,-7.38965
53.0014,-7.39134
53.00118,-7.39171
53.00109,-7.39185
53.00071,-7.3925
53.00069,-7.39253
52.99993,-7.39386
52.99939,-7.39485
52.99895,-7.39571
52.99883,-7.39598
52.99847,-7.39671
52.998,-7.39776
52.99797,-7.39782
52.99781,-7.39821
52.99763,-7.39862
52.99726,-7.39953
52.99698,-7.40029
52.99669,-7.4012
52.99632,-7.40246
52.99622,-7.40283
52.99618,-7.40301
52.99611,-7.40328
52.99611,-7.40329
52.9961,-7.40335
52.99602,-7.40367
52.99592,-7.40413
52.99586,-7.40437
52.99567,-7.40537
52.99554,-7.40622
52.99537,-7.40761
52.99524,-7.40903
52.99521,-7.40948
52.99515,-7.41081
52.99514,-7.41379
52.99511,-7.41485
52.99507,-7.41572
52.99502,-7.41624
52.99501,-7.41641
52.99491,-7.41728
52.99488,-7.41746
52.99484,-7.41782
52.99474,-7.41847
52.99456,-7.41947
52.99429,-7.42071
52.9942,-7.42108
52.994,-7.4218
52.99375,-7.42262
52.99342,-7.42356
52.9931,-7.42439
52.99304,-7.42452
52.99302,-7.42458
52.99273,-7.42522
52.99235,-7.426
52.99196,-7.42673
52.99165,-7.42725
52.99124,-7.42788
52.9909,-7.42838
52.99068,-7.42866
52.99002,-7.42946
52.98993,-7.42956
52.98984,-7.42967
52.98973,-7.42978
52.98968,-7.42982
52.98955,-7.42996
52.9894,-7.43011
52.98883,-7.43062
52.98828,-7.43106
52.98783,-7.43138
52.98746,-7.43161
52.98665,-7.43207
52.98631,-7.43222
52.98609,-7.4323
52.98589,-7.43238
52.98541,-7.43253
52.98517,-7.43259
52.98494,-7.43262
52.98484,-7.43264
52.98392,-7.43276
52.98335,-7.43277
52.98281,-7.43273
52.9825,-7.43269
52.98186,-7.43257
52.98123,-7.43248
52.98122,-7.43248
52.98087,-7.43244
52.98036,-7.4324
52.97943,-7.43236
52.97889,-7.43236
52.9786,-7.43237
52.97787,-7.43242
52.97763,-7.43245
52.97757,-7.43245
52.97645,-7.43262
52.97529,-7.43289
52.97446,-7.43313
52.97437,-7.43315
52.97375,-7.43337
52.97365,-7.4334
52.9735,-7.43346
52.97333,-7.43352
52.97331,-7.43353
52.97315,-7.43359
52.97298,-7.43367
52.97294,-7.43368
52.97211,-7.43405
52.97201,-7.4341
52.97193,-7.43413
52.97176,-7.43422
52.97157,-7.43431
52.97114,-7.43453
52.97098,-7.43462
52.97078,-7.43472
52.9701,-7.43511
52.96941,-7.43554
52.96916,-7.43571
52.96878,-7.43595
52.96839,-7.43622
52.96781,-7.43667
52.96702,-7.43724
52.96626,-7.43775
52.96561,-7.43815
52.96437,-7.43887
52.96432,-7.43889
52.96368,-7.43922
52.96363,-7.43924
52.96313,-7.4395
52.96264,-7.43973
52.96237,-7.43983
52.96174,-7.44011
52.9612,-7.44032
52.95844,-7.44131
52.95827,-7.44138
52.95809,-7.44144
52.95808,-7.44144
52.95791,-7.4415
52.95774,-7.44157
52.95752,-7.44164
52.95679,-7.44191
52.95566,-7.4423
52.95545,-7.44238
52.95118,-7.44387
52.94983,-7.44438
52.94886,-7.44482
52.94878,-7.44487
52.94803,-7.44527
52.94696,-7.44596
52.9462,-7.44652
52.94548,-7.44714
52.94507,-7.44747
52.94471,-7.4478
52.94455,-7.44798
52.94421,-7.44832
52.94396,-7.44859
52.94361,-7.44899
52.94348,-7.44915
52.94331,-7.44933
52.94296,-7.44974
52.94253,-7.45027
52.94193,-7.45107
52.94132,-7.45193
52.94123,-7.45208
52.94111,-7.45226
52.94059,-7.4531
52.94031,-7.45369
52.93896,-7.45626
52.93896,-7.45627
52.93885,-7.45648
52.93884,-7.45649
52.93873,-7.45671
52.9381,-7.4579
52.93729,-7.45937
52.93596,-7.46161
52.93313,-7.46617
52.93003,-7.47054
52.9287,-7.47235
52.92727,-7.47424
52.92726,-7.47425
52.92713,-7.47442
52.92712,-7.47443
52.92124,-7.48213
52.92066,-7.48294
52.91999,-7.48396
52.91998,-7.48396
52.91993,-7.48403
52.91986,-7.48416
52.91985,-7.48417
52.91925,-7.48515
52.91866,-7.48618
52.91812,-7.48718
52.91789,-7.48763
52.91787,-7.48766
52.91731,-7.48878
52.91731,-7.48879
52.9172,-7.48902
52.9172,-7.48903
52.9171,-7.48924
52.91709,-7.48925
52.91635,-7.4909
52.916,-7.49174
52.91559,-7.4928
52.91507,-7.49423
52.91482,-7.49498
52.91472,-7.49525
52.91454,-7.4958
52.91419,-7.49696
52.91392,-7.49791
52.91329,-7.50035
52.9128,-7.50263
52.91265,-7.50344
52.91264,-7.50348
52.91249,-7.5043
52.91249,-7.50434
52.91239,-7.50491
52.91238,-7.50502
52.91228,-7.50561
52.91207,-7.50712
52.91206,-7.50723
52.9119,-7.5085
52.91174,-7.50993
52.91162,-7.51128
52.91162,-7.51135
52.91159,-7.51173
52.91147,-7.51411
52.91143,-7.51706
52.91148,-7.51917
52.91152,-7.52022
52.91158,-7.52129
52.91177,-7.52369
52.91178,-7.52376
52.91187,-7.52468
52.91221,-7.5273
52.91243,-7.52863
52.91246,-7.52876
52.91248,-7.52892
52.91282,-7.53069
52.91336,-7.53315
52.91337,-7.53318
52.9137,-7.53452
52.91372,-7.53457
52.91387,-7.53514
52.91445,-7.53711
52.91469,-7.53785
52.91506,-7.53893
52.91545,-7.54
52.91654,-7.54288
52.91698,-7.54413
52.9173,-7.54518
52.9173,-7.54519
52.91746,-7.54573
52.91778,-7.54696
52.91799,-7.54792
52.91826,-7.54928
52.91837,-7.54997
52.91859,-7.55152
52.91869,-7.55244
52.91883,-7.55408
52.91954,-7.56636
52.91954,-7.56644
52.91956,-7.56666
52.91963,-7.56804
52.91966,-7.56844
52.91978,-7.57072
52.91996,-7.57349
52.92008,-7.57453
52.92018,-7.57522
52.9203,-7.57592
52.92052,-7.57695
52.92074,-7.57775
52.92093,-7.57836
52.92131,-7.57947
52.92157,-7.58011
52.92191,-7.58083
52.92234,-7.58167
52.9226,-7.58212
52.92272,-7.58231
52.92273,-7.58233
52.92398,-7.58427
52.92442,-7.585
52.92442,-7.58501
52.92485,-7.58584
52.92518,-7.58658
52.9252,-7.58664
52.92548,-7.58733
52.92566,-7.58792
52.92575,-7.58818
52.92607,-7.58922
52.92634,-7.59035
52.92639,-7.59064
52.92644,-7.59087
52.92653,-7.5914
52.92669,-7.59265
52.92674,-7.59319
52.92679,-7.59409
52.92682,-7.59498
52.92681,-7.59527
52.92681,-7.59573
52.92674,-7.59709
52.92667,-7.59784
52.92655,-7.59886
52.92524,-7.60812
52.92509,-7.60944
52.92507,-7.60973
52.92505,-7.60988
52.92499,-7.61062
52.92494,-7.61106
52.92457,-7.6161
52.92434,-7.61886
52.92433,-7.61906
52.9243,-7.61935
52.92399,-7.62351
52.92397,-7.6239
52.92375,-7.62686
52.92375,-7.62691
52.92361,-7.6287
52.92359,-7.62888
52.92359,-7.62905
52.92347,-7.63083
52.92298,-7.63696
52.92298,-7.63704
52.92289,-7.6384
52.92279,-7.64074
52.92277,-7.64342
52.92279,-7.64481
52.92284,-7.64631
52.92286,-7.64664
52.9229,-7.64767
52.92291,-7.64777
52.92291,-7.64794
52.92296,-7.64925
52.92297,-7.65128
52.92293,-7.65165
52.92288,-7.65403
52.92286,-7.65433
52.92286,-7.65449
52.92278,-7.65623
52.92276,-7.65641
52.9227,-7.6573
52.92256,-7.65877
52.92249,-7.65936
52.92229,-7.66081
52.92224,-7.6611
52.92204,-7.66244
52.92183,-7.66365
52.92148,-7.66552
52.92092,-7.66801
52.92061,-7.66918
52.92036,-7.67003
52.92004,-7.67096
52.91859,-7.67568
52.91834,-7.67664
52.91828,-7.67683
52.91766,-7.67931
52.9176,-7.67959
52.91727,-7.68095
52.91663,-7.68411
52.91628,-7.68609
52.91622,-7.68637
52.91622,-7.68642
52.91577,-7.68929
52.91563,-7.69043
52.9156,-7.6906
52.91544,-7.69194
52.9151,-7.69526
52.91504,-7.69574
52.91475,-7.69965
52.91466,-7.7014
52.91463,-7.70335
52.91464,-7.70428
52.91465,-7.70443
52.91466,-7.70544
52.91469,-7.70638
52.91473,-7.70705
52.91487,-7.70843
52.9151,-7.71019
52.91521,-7.71091
52.91537,-7.71178
52.9156,-7.71287
52.91573,-7.71343
52.91577,-7.71363
52.91596,-7.71435
52.91634,-7.71559
52.9165,-7.71606
52.91651,-7.71611
52.91669,-7.71663
52.91669,-7.71664
52.9171,-7.71772
52.91754,-7.71874
52.91802,-7.71981
52.91922,-7.72197
52.91922,-7.72198
52.91943,-7.72238
52.91959,-7.72265
52.92022,-7.72388
52.9207,-7.72491
52.92137,-7.72646
52.9214,-7.72655
52.92166,-7.72721
52.92182,-7.72765
52.92218,-7.72871
52.92248,-7.72964
52.9229,-7.73112
52.92318,-7.73228
52.92333,-7.73301
52.92336,-7.73312
52.92341,-7.73341
52.92357,-7.73416
52.92373,-7.73503
52.92415,-7.73817
52.92467,-7.74241
52.92483,-7.74388
52.92487,-7.74417
52.92493,-7.74476
52.92494,-7.74479
52.92497,-7.74508
52.92553,-7.74928
52.92588,-7.75249
52.92613,-7.75443
52.92613,-7.75445
52.92617,-7.75484
52.9264,-7.75652
52.92656,-7.75786
52.92657,-7.75787
52.92679,-7.76002
52.92694,-7.76208
52.927,-7.76331
52.92704,-7.76535
52.92705,-7.76788
52.92702,-7.76912
52.92692,-7.77115
52.92682,-7.7723
52.92673,-7.77354
52.92672,-7.7736
52.9267,-7.77383
52.92653,-7.77529
52.92645,-7.77588
52.92643,-7.77607
52.92624,-7.77748
52.92572,-7.78049
52.9255,-7.7816
52.92549,-7.78162
52.92513,-7.7832
52.92453,-7.78561
52.92433,-7.78627
52.92292,-7.79062
52.92282,-7.79088
52.92271,-7.79122
52.92215,-7.79278
52.92212,-7.79285
52.91945,-7.80019
52.9192,-7.80081
52.91864,-7.80248
52.91812,-7.80414
52.91773,-7.80547
52.91749,-7.80638
52.91675,-7.80946
52.91651,-7.81063
52.91651,-7.81067
52.91643,-7.81119
52.91622,-7.81235
52.91621,-7.81239
52.91602,-7.81358
52.91597,-7.81406
52.91591,-7.81442
52.9157,-7.81599
52.9153,-7.82029
52.91518,-7.82128
52.91517,-7.82132
52.91507,-7.82205
52.91507,-7.82209
52.91469,-7.82462
52.91423,-7.82722
52.91421,-7.82729
52.91396,-7.82858
52.91374,-7.82962
52.91358,-7.83032
52.91357,-7.83032
52.91351,-7.8306
52.91337,-7.83117
52.91272,-7.83361
52.9121,-7.83607
52.91172,-7.83773
52.91131,-7.83984
52.91095,-7.84184
52.91094,-7.84194
52.91068,-7.84353
52.91042,-7.8453
52.91011,-7.84776
52.90986,-7.85022
52.90977,-7.85147
52.90976,-7.85152
52.90955,-7.8546
52.90954,-7.85469
52.9095,-7.85552
52.90943,-7.85856
52.90942,-7.86055
52.90949,-7.86498
52.90949,-7.86632
52.90948,-7.8665
52.90948,-7.86732
52.90939,-7.87023
52.9093,-7.87207
52.90925,-7.87273
52.90893,-7.87584
52.90882,-7.8767
52.90879,-7.877
52.90834,-7.87989
52.90833,-7.87993
52.90815,-7.88105
52.90785,-7.88254
52.90753,-7.88398
52.90749,-7.88413
52.90737,-7.88469
52.90685,-7.88679
52.90645,-7.88825
52.90644,-7.88827
52.90616,-7.88922
52.90604,-7.88958
52.90583,-7.89027
52.90511,-7.89246
52.90499,-7.8928
52.9043,-7.89455
52.90419,-7.89479
52.90347,-7.8965
52.90315,-7.89722
52.90244,-7.8987
52.90058,-7.90232
52.89963,-7.90402
52.89916,-7.9048
52.89861,-7.90567
52.89857,-7.90574
52.898,-7.90655
52.89745,-7.90724
52.89696,-7.90782
52.89691,-7.90787
52.89656,-7.90826
52.89601,-7.90885
52.89542,-7.90943
52.89483,-7.90996
52.89383,-7.91076
52.89304,-7.91133
52.89287,-7.91142
52.89099,-7.91249
52.89059,-7.91274
52.89016,-7.91305
52.88985,-7.91333
52.8894,-7.91378
52.88918,-7.91403
52.88882,-7.91452
52.88838,-7.91523
52.88811,-7.9157
52.88801,-7.9159
52.88751,-7.91699
52.88743,-7.91721
52.88704,-7.91839
52.88694,-7.91877
52.88685,-7.91916
52.88668,-7.92001
52.88661,-7.92044
52.88657,-7.92079
52.88647,-7.92194
52.88644,-7.92309
52.88645,-7.92351
52.8865,-7.92455
52.88654,-7.92493
52.88685,-7.92682
52.8871,-7.9282
52.88719,-7.92882
52.88724,-7.92929
52.88726,-7.92943
52.88727,-7.92959
52.88733,-7.93014
52.8874,-7.93115
52.88742,-7.93193
52.88742,-7.93297
52.88736,-7.9342
52.88729,-7.93492
52.88726,-7.93536
52.88631,-7.94461
52.8863,-7.94462
52.8863,-7.94467
52.88449,-7.96137
52.88449,-7.96141
52.88447,-7.96161
52.88446,-7.96166
52.88441,-7.96213
52.88432,-7.96283
52.88429,-7.96313
52.88425,-7.96342
52.88382,-7.96752
52.88378,-7.96782
52.88364,-7.96918
52.88358,-7.96988
52.88343,-7.97112
52.88337,-7.97194
52.88334,-7.9722
52.88322,-7.97401
52.8831,-7.97629
52.88305,-7.97763
52.88305,-7.97787
52.88304,-7.97807
52.88303,-7.98061
52.88305,-7.9822
52.88312,-7.98419
52.88321,-7.98582
52.88322,-7.98588
52.88328,-7.98664
52.88336,-7.98854
52.88337,-7.98914
52.88336,-7.99063
52.8833,-7.99215
52.88322,-7.99314
52.8832,-7.9933
52.88317,-7.99368
52.88311,-7.99423
52.88296,-7.99535
52.88296,-7.99539
52.88287,-7.99592
52.88286,-7.996
52.88282,-7.99621
52.88273,-7.99677
52.88245,-7.9982
52.88245,-7.99821
52.88231,-7.99885
52.88205,-7.99987
52.88171,-8.00109
52.88165,-8.00126
52.88152,-8.00169
52.88112,-8.00288
52.88067,-8.00402
52.88041,-8.00463
52.87988,-8.00579
52.87895,-8.0076
52.87866,-8.00819
52.87836,-8.00884
52.87827,-8.00902
52.87768,-8.01043
52.87739,-8.01122
52.87737,-8.01125
52.87696,-8.01243
52.87675,-8.0131
52.87644,-8.01415
52.87621,-8.01502
52.87577,-8.01686
52.87546,-8.01848
52.87541,-8.01886
52.87523,-8.01996
52.87515,-8.02053
52.87496,-8.02212
52.87487,-8.02316
52.87482,-8.0239
52.87482,-8.02401
52.87479,-8.02449
52.87479,-8.02458
52.87476,-8.02516
52.87466,-8.02856
52.87465,-8.02865
52.87464,-8.02925
52.87446,-8.03468
52.87439,-8.03594
52.87425,-8.03786
52.87422,-8.03816
52.87422,-8.03822
52.87419,-8.03845
52.874,-8.04026
52.87387,-8.04128
52.87363,-8.04291
52.87344,-8.04397
52.87341,-8.04419
52.87339,-8.04426
52.87331,-8.04471
52.8729,-8.04674
52.87235,-8.04902
52.87219,-8.04963
52.87205,-8.05011
52.87198,-8.05038
52.87198,-8.05039
52.87142,-8.05232
52.8706,-8.05537
52.87015,-8.05714
52.87014,-8.05717
52.86956,-8.05956
52.86878,-8.06308
52.86866,-8.06374
52.86848,-8.06515
52.86841,-8.06611
52.86838,-8.06668
52.86836,-8.06767
52.86838,-8.0685
52.86841,-8.06918
52.86848,-8.07009
52.86875,-8.07279
52.8688,-8.07354
52.86882,-8.07405
52.86882,-8.07484
52.86878,-8.07556
52.86866,-8.07675
52.86857,-8.07731
52.8684,-8.07814
52.86825,-8.07871
52.8681,-8.0792
52.86793,-8.07971
52.86776,-8.08015
52.86773,-8.08024
52.86756,-8.08065
52.86719,-8.08143
52.86714,-8.08152
52.86669,-8.08244
52.86661,-8.08258
52.86644,-8.08292
52.86606,-8.08376
52.86583,-8.08438
52.86566,-8.08488
52.86553,-8.08531
52.8654,-8.08583
52.86539,-8.08586
52.86533,-8.08612
52.86533,-8.08614
52.86527,-8.0864
52.86521,-8.0867
52.86521,-8.08674
52.86509,-8.08747
52.865,-8.08815
52.86498,-8.08827
52.86471,-8.09079
52.86467,-8.09108
52.86466,-8.09125
52.86464,-8.09137
52.86454,-8.09239
52.864,-8.09731
52.86393,-8.09787
52.86389,-8.09828
52.86356,-8.10074
52.86355,-8.10078
52.86355,-8.10079
52.86335,-8.10209
52.86332,-8.10222
52.86319,-8.10298
52.86318,-8.10308
52.86313,-8.10336
52.86312,-8.10338
52.86297,-8.10423
52.86291,-8.1045
52.86286,-8.1048
52.86242,-8.10696
52.86239,-8.10706
52.86227,-8.1076
52.86227,-8.10762
52.86172,-8.11012
52.86143,-8.11153
52.86074,-8.11469
52.86073,-8.11478
52.86043,-8.11616
52.85977,-8.11944
52.8597,-8.11991
52.85967,-8.12003
52.85866,-8.12517
52.85864,-8.12525
52.85794,-8.12867
52.85724,-8.13181
52.85715,-8.13214
52.85707,-8.13247
52.85642,-8.13489
52.85621,-8.13562
52.85618,-8.13571
52.85618,-8.13572
52.8559,-8.13665
52.85563,-8.13746
52.85461,-8.14075
52.85303,-8.14564
52.85293,-8.14599
52.85292,-8.146
52.8512,-8.15146
52.85096,-8.15228
52.85093,-8.15241
52.85084,-8.15271
52.85076,-8.15302
52.85071,-8.15319
52.85024,-8.15503
52.84999,-8.15623
52.8496,-8.15833
52.84932,-8.15995
52.84914,-8.16141
52.84904,-8.1624
52.8486,-8.16751
52.84765,-8.17785
52.84766,-8.17817
52.84766,-8.1785
52.8472,-8.1835
52.84718,-8.1838
52.84709,-8.18468
52.84707,-8.18497
52.84693,-8.18641
52.84693,-8.18645
52.84636,-8.19253
52.84634,-8.19282
52.84505,-8.20678
52.84473,-8.21105
52.84472,-8.21135
52.8447,-8.21152
52.84449,-8.21578
52.84434,-8.22026
52.84434,-8.2209
52.84433,-8.22125
52.84435,-8.22477
52.84441,-8.22853
52.84446,-8.23002
52.84447,-8.23061
52.84461,-8.23448
52.84464,-8.23505
52.84469,-8.23675
52.84482,-8.24003
52.84485,-8.24049
52.84485,-8.24058
52.84495,-8.24294
52.84495,-8.2431
52.84497,-8.2434
52.84506,-8.24577
52.84508,-8.24607
52.84511,-8.24694
52.84513,-8.24726
52.84521,-8.24929
52.84524,-8.25125
52.84524,-8.25261
52.84519,-8.254
52.84506,-8.25643
52.84494,-8.25786
52.84477,-8.25959
52.84471,-8.26005
52.84462,-8.26064
52.84456,-8.26124
52.84437,-8.26245
52.84423,-8.26321
52.84423,-8.26323
52.84414,-8.26377
52.84398,-8.26456
52.84397,-8.26465
52.84315,-8.26848
52.84306,-8.26894
52.84234,-8.27232
52.84155,-8.27526
52.84141,-8.27573
52.84111,-8.27667
52.84074,-8.27776
52.84028,-8.27896
52.83988,-8.27991
52.83933,-8.2811
52.83921,-8.28133
52.83912,-8.28152
52.8385,-8.28268
52.83806,-8.28344
52.83754,-8.28428
52.83732,-8.2846
52.83646,-8.2858
52.83604,-8.28633
52.83588,-8.28652
52.83402,-8.28885
52.83377,-8.28915
52.83362,-8.28935
52.83249,-8.29076
52.83247,-8.29079
52.83204,-8.29132
52.83204,-8.29133
52.8319,-8.29151
52.83171,-8.29173
52.83136,-8.29217
52.83096,-8.2927
52.83079,-8.29291
52.82981,-8.29427
52.82941,-8.29485
52.82939,-8.29489
52.82878,-8.2958
52.82871,-8.29592
52.82794,-8.29712
52.82771,-8.29746
52.82767,-8.29751
52.8273,-8.29804
52.82726,-8.29809
52.8268,-8.29872
52.82607,-8.29966
52.82585,-8.29993
52.82576,-8.30003
52.82557,-8.30026
52.82524,-8.30064
52.82501,-8.30092
52.82484,-8.30111
52.82408,-8.30192
52.82356,-8.30243
52.82349,-8.30251
52.82284,-8.30311
52.82179,-8.304
52.82053,-8.30494
52.81454,-8.30904
52.81435,-8.30916
52.8128,-8.31023
52.81217,-8.31065
52.81074,-8.31164
52.81035,-8.3119
52.81034,-8.31191
52.81001,-8.31213
52.80966,-8.31238
52.80719,-8.31406
52.80718,-8.31407
52.80649,-8.31456
52.80569,-8.31517
52.80501,-8.31574
52.80408,-8.31658
52.80371,-8.31695
52.80365,-8.317
52.80287,-8.3178
52.8019,-8.31889
52.80118,-8.31977
52.80058,-8.32056
52.80011,-8.32121
52.79962,-8.32192
52.79911,-8.32271
52.79854,-8.32364
52.79822,-8.32419
52.79816,-8.32428
52.79786,-8.32482
52.79722,-8.32602
52.79648,-8.32753
52.7964,-8.32772
52.7959,-8.32882
52.79554,-8.32968
52.79518,-8.33058
52.79479,-8.33163
52.79435,-8.33288
52.79392,-8.3342
52.79386,-8.33442
52.79375,-8.33476
52.79357,-8.3354
52.79346,-8.33576
52.79304,-8.33736
52.7929,-8.33795
52.79288,-8.33801
52.79273,-8.33866
52.79234,-8.3405
52.79206,-8.34202
52.79189,-8.34306
52.79171,-8.34427
52.79147,-8.34562
52.79147,-8.34563
52.79132,-8.34646
52.79131,-8.34647
52.79115,-8.34732
52.79079,-8.34901
52.7906,-8.34984
52.79057,-8.35
52.79041,-8.35066
52.7904,-8.35067
52.79005,-8.35208
52.78948,-8.35414
52.78886,-8.35619
52.78841,-8.35757
52.78839,-8.35762
52.78798,-8.35881
52.78764,-8.35974
52.78722,-8.36083
52.7867,-8.36212
52.78659,-8.36236
52.78598,-8.36379
52.78562,-8.36458
52.78486,-8.36616
52.78482,-8.36623
52.78472,-8.36644
52.78412,-8.3676
52.78404,-8.36774
52.78381,-8.36818
52.78381,-8.36819
52.78346,-8.36882
52.78344,-8.36884
52.78323,-8.36922
52.7827,-8.37012
52.78269,-8.37013
52.78233,-8.37074
52.78231,-8.37076
52.78209,-8.37112
52.78206,-8.37118
52.78185,-8.3715
52.7818,-8.37159
52.78138,-8.37224
52.78049,-8.37354
52.77991,-8.37435
52.77949,-8.37491
52.7794,-8.37502
52.77921,-8.37528
52.77907,-8.37546
52.77906,-8.37547
52.77881,-8.37579
52.77823,-8.3765
52.77759,-8.37725
52.77547,-8.37964
52.77528,-8.37984
52.7727,-8.38276
52.77255,-8.38292
52.77068,-8.38502
52.76978,-8.38607
52.76974,-8.38613
52.76917,-8.3868
52.76915,-8.38682
52.76858,-8.38752
52.76857,-8.38753
52.76786,-8.38843
52.76758,-8.3888
52.76743,-8.38898
52.76739,-8.38904
52.76632,-8.39049
52.76561,-8.39149
52.76497,-8.39244
52.76411,-8.39379
52.76329,-8.39514
52.76261,-8.3963
52.76175,-8.39784
52.76122,-8.39884
52.76016,-8.40092
52.76001,-8.40125
52.75983,-8.40161
52.7595,-8.40231
52.75836,-8.40486
52.75836,-8.40488
52.75752,-8.40691
52.75681,-8.40873
52.75647,-8.40968
52.75411,-8.41595
52.75315,-8.41838
52.7522,-8.42072
52.75157,-8.42219
52.75099,-8.42347
52.75089,-8.42371
52.75088,-8.42374
52.75068,-8.42418
52.75038,-8.42476
52.75033,-8.42488
52.74978,-8.42605
52.74966,-8.42628
52.74922,-8.42722
52.74915,-8.42735
52.74911,-8.42745
52.74869,-8.42831
52.74787,-8.42992
52.74785,-8.42997
52.74761,-8.43042
52.74757,-8.43051
52.74703,-8.43155
52.74702,-8.43155
52.74691,-8.43177
52.74661,-8.43233
52.74518,-8.43488
52.7411,-8.44195
52.74106,-8.44201
52.74022,-8.44345
52.7401,-8.44367
52.73923,-8.44517
52.73888,-8.44575
52.73729,-8.44854
52.7357,-8.4512
52.73498,-8.45237
52.73419,-8.4536
52.73312,-8.45522
52.73311,-8.45522
52.73296,-8.45546
52.73279,-8.45571
52.73215,-8.45659
52.73064,-8.45873
52.7297,-8.45997
52.72964,-8.46004
52.72888,-8.46102
52.72836,-8.46167
52.72821,-8.46184
52.72756,-8.46264
52.7259,-8.46459
52.72508,-8.46551
52.7234,-8.4673
52.72129,-8.46944
52.72087,-8.46981
52.72042,-8.47024
52.71932,-8.47124
52.71835,-8.47208
52.71806,-8.47232
52.71666,-8.47357
52.71554,-8.4746
52.71427,-8.47584
52.71405,-8.47607
52.71382,-8.47629
52.71153,-8.47866
52.71023,-8.47987
52.70965,-8.48039
52.70887,-8.48104
52.70815,-8.4816
52.70793,-8.48178
52.70766,-8.48197
52.7075,-8.48209
52.70733,-8.4822
52.70718,-8.48231
52.70527,-8.48361
52.70453,-8.48414
52.70418,-8.48438
52.70412,-8.48441
52.70314,-8.48509
52.70275,-8.4854
52.70224,-8.48583
52.70217,-8.4859
52.7019,-8.48614
52.70185,-8.48618
52.70119,-8.4868
52.70068,-8.48737
52.7,-8.48816
52.69923,-8.48913
52.69904,-8.48939
52.69901,-8.48945
52.69824,-8.49059
52.69792,-8.49112
52.6978,-8.49134
52.69752,-8.49179
52.69707,-8.49259
52.69678,-8.49305
52.69667,-8.49325
52.69666,-8.49325
52.69651,-8.49348
52.69599,-8.4942
52.6954,-8.49496
52.69519,-8.4952
52.69494,-8.49546
52.69491,-8.49548
52.6948,-8.49562
52.69421,-8.49623
52.69411,-8.49631
52.69398,-8.49644
52.69358,-8.4968
52.69346,-8.4969
52.69342,-8.49694
52.69282,-8.4974
52.69237,-8.49767
52.69204,-8.49788
52.69192,-8.49794
52.6915,-8.49817
52.69117,-8.49832
52.69069,-8.49852
52.69015,-8.4987
52.6899,-8.49877
52.68953,-8.49886
52.68896,-8.49896
52.68857,-8.49901
52.68852,-8.49902
52.68816,-8.49906
52.68813,-8.49907
52.68799,-8.49909
52.68795,-8.49909
52.68722,-8.49922
52.68656,-8.49942
52.68619,-8.49957
52.6855,-8.4999
52.68522,-8.50007
52.68495,-8.50025
52.6847,-8.50044
52.68409,-8.50095
52.68376,-8.50126
52.68357,-8.50148
52.68338,-8.50166
52.68286,-8.50228
52.68258,-8.50265
52.68236,-8.50296
52.68205,-8.50343
52.68178,-8.50389
52.6816,-8.50423
52.68153,-8.50435
52.68139,-8.50462
52.68126,-8.50491
52.68106,-8.50532
52.68068,-8.50624
52.68064,-8.50636
52.67974,-8.50879
52.67952,-8.50934
52.67925,-8.50994
52.67884,-8.51073
52.67864,-8.51108
52.67831,-8.51162
52.67805,-8.51201
52.67765,-8.51254
52.67708,-8.51321
52.67681,-8.51349
52.67677,-8.51354
52.67663,-8.51368
52.67624,-8.51404
52.67576,-8.51442
52.67545,-8.51464
52.6751,-8.51485
52.67498,-8.51491
52.67443,-8.51522
52.67427,-8.51528
52.67425,-8.51529
52.67383,-8.51544
52.67346,-8.51554
52.673,-8.51563
52.67287,-8.51565
52.67284,-8.51565
52.67254,-8.51568
52.67204,-8.51569
52.6715,-8.51565
52.67086,-8.51554
52.67034,-8.51542
52.66979,-8.51534
52.66974,-8.51534
52.66959,-8.51532
52.66926,-8.51531
52.66851,-8.51537
52.6682,-8.51542
52.66754,-8.51559
52.66701,-8.51578
52.66642,-8.5161
52.66622,-8.51625
52.66594,-8.51644
52.66506,-8.51707
52.66448,-8.51758
52.66423,-8.51783
52.66415,-8.51792
52.66389,-8.51819
52.66356,-8.51859
52.66309,-8.51924
52.66289,-8.51953
52.66265,-8.51994
52.66209,-8.52096
52.66196,-8.52123
52.66173,-8.52175
52.66144,-8.52247
52.66117,-8.52323
52.66082,-8.52443
52.66052,-8.52582
52.66037,-8.52673
52.65977,-8.53214
52.65919,-8.5366
52.65905,-8.53754
52.65885,-8.53865
52.65867,-8.53945
52.65867,-8.53946
52.6586,-8.53972
52.65837,-8.54068
52.65806,-8.54173
52.65769,-8.54285
52.65728,-8.54394
52.65549,-8.54829
52.65469,-8.55018
52.65466,-8.55024
52.65456,-8.55048
52.65388,-8.55197
52.65336,-8.55307
52.65302,-8.55376
52.65206,-8.55563
52.65101,-8.55752
52.6504,-8.55855
52.65033,-8.55855
52.65012,-8.5589
52.64936,-8.55997
52.6491,-8.56032
52.64871,-8.56079
52.64795,-8.56164
52.64783,-8.56179
52.6474,-8.56229
52.64722,-8.56247
52.64706,-8.56265
52.64696,-8.56274
52.64691,-8.56278
52.64688,-8.5628
52.6468,-8.56287
52.64685,-8.56305
52.64691,-8.56321
52.64714,-8.56396
52.64718,-8.56407
52.64724,-8.56427
52.64731,-8.56447
52.64743,-8.56487
52.64803,-8.56671
52.64809,-8.56693
52.6481,-8.56694
52.6481,-8.56696
52.64818,-8.56719
52.6483,-8.56758
52.64835,-8.56761
52.64909,-8.56995
52.64986,-8.5725
52.65012,-8.57359
52.65036,-8.57475
52.65046,-8.57543
52.65061,-8.57664
52.65059,-8.57675
52.65058,-8.57678
52.65058,-8.57712
52.65052,-8.57721
52.6505,-8.57727
52.65047,-8.57739
52.65047,-8.57742
52.65046,-8.57745
52.65046,-8.57751
52.65047,-8.57754
52.65047,-8.5776
52.65048,-8.57763
52.6505,-8.57767
52.65052,-8.57769
52.65053,-8.57771
52.65055,-8.57773
52.65056,-8.57775
52.65066,-8.5778
52.65074,-8.5778
52.65076,-8.57779
52.65079,-8.57776
52.6508,-8.57774
52.65082,-8.57772
52.65083,-8.5777
52.65083,-8.57769
52.65096,-8.57774
52.65102,-8.57775
52.65103,-8.57776
52.65111,-8.57786
52.65123,-8.57804
52.6513,-8.57818
52.65137,-8.57836
52.65144,-8.57857
52.65165,-8.57939
52.65172,-8.57962
52.65176,-8.57971
52.65186,-8.5799
52.65196,-8.58007
52.65218,-8.58038
52.65255,-8.58087
52.65268,-8.58103
52.65285,-8.58119
52.65301,-8.58133
52.65309,-8.58141
52.65358,-8.58202
52.65378,-8.58229
52.65416,-8.58301
52.65433,-8.58331
52.65461,-8.58387
52.65466,-8.58396
52.65472,-8.58402
52.65495,-8.58417
52.65558,-8.58448
52.65564,-8.58454
52.65566,-8.58458
52.65571,-8.58465
52.65577,-8.58478
52.65579,-8.58485
52.65595,-8.58527
52.65615,-8.58571
52.65688,-8.58764
52.65697,-8.58792
52.65704,-8.58818
52.65733,-8.58903
52.6574,-8.58926
52.65745,-8.58951
52.65747,-8.58981
52.65748,-8.58988
52.65749,-8.59027
52.65754,-8.59101
52.65767,-8.59171
52.65793,-8.59292
52.6581,-8.59355
52.65821,-8.59413
52.65835,-8.59475
52.65863,-8.59642
52.66039,-8.59555
52.66205,-8.59467
52.66247,-8.59447
52.66256,-8.59449
52.66268,-8.59448
52.66274,-8.59448
52.66294,-8.59452
52.66295,-8.59454
52.66295,-8.59455
52.66296,-8.59457
52.66296,-8.59459
52.66297,-8.5946
52.66298,-8.59462
52.66298,-8.59463
52.66299,-8.59465
52.66301,-8.59467
52.66302,-8.59469
52.66304,-8.59471
52.66305,-8.59473
52.66307,-8.59474
52.6631,-8.59477
52.66312,-8.59478
52.66316,-8.59478
52.66317,-8.59477
52.66318,-8.59477
52.66331,-8.59501
52.66341,-8.59525
52.66347,-8.59534
52.66351,-8.59551
52.66353,-8.59557
52.66356,-8.59575
52.66362,-8.5966
52.66393,-8.59891
52.66397,-8.59942
52.66399,-8.5996
52.66401,-8.60015
52.6641,-8.60158
52.66414,-8.60199
52.66418,-8.60257
52.66442,-8.6049
52.66466,-8.60669
52.66498,-8.60875
52.66503,-8.60898
52.66504,-8.60908
52.66506,-8.60916
52.66518,-8.60981
52.66521,-8.61006
52.66569,-8.61313
52.6657,-8.61323
52.66591,-8.61459
52.6661,-8.61598
52.66628,-8.61715
52.6663,-8.61725
52.66641,-8.61804
52.66641,-8.61823
52.66635,-8.61857
52.66622,-8.61962
52.66619,-8.62006
52.66617,-8.62025
52.66617,-8.62039
52.66618,-8.62048
52.66618,-8.62055
52.66643,-8.62236
52.66644,-8.62247
52.66646,-8.62258
52.66647,-8.62285
52.66647,-8.62386
52.66639,-8.62391
52.66598,-8.62411
52.66592,-8.62416
52.66586,-8.62423
52.66578,-8.62434
52.66571,-8.62437
52.66558,-8.62454
52.66515,-8.62514
52.66421,-8.62629
52.66383,-8.62671
52.66353,-8.62596
52.66347,-8.62577
52.6623,-8.62282
52.66219,-8.62267
52.6617,-8.62205
52.66117,-8.62144
52.66099,-8.62114
52.66094,-8.62102
52.66093,-8.62101
52.66085,-8.62081
52.66078,-8.62057
52.66027,-8.61898
52.66017,-8.61871
52.65917,-8.61564
52.65892,-8.61481
52.65886,-8.61463
52.65868,-8.61402
52.65771,-8.61101
52.6577,-8.61089
52.65756,-8.61036
52.6569,-8.60827
52.65685,-8.60821
52.65629,-8.6064
52.65555,-8.60415
52.65506,-8.60257
52.65505,-8.60253
52.65449,-8.60074
52.65428,-8.60003
52.65418,-8.59974
52.65411,-8.59957
52.65411,-8.59945
52.6541,-8.59932
52.65408,-8.59917
52.65408,-8.59916
52.65409,-8.59915
52.65409,-8.59914
52.6541,-8.59913
52.6541,-8.5991
52.65411,-8.59909
52.65411,-8.59908
52.65412,-8.59905
52.65412,-8.59902
52.65413,-8.59899
52.65413,-8.5989
52.65412,-8.59887
52.65412,-8.59884
52.65411,-8.59882
52.65409,-8.59876
52.65407,-8.59872
52.65405,-8.59869
52.65404,-8.59867
52.65402,-8.59865
52.654,-8.59864
52.65399,-8.59863
52.65398,-8.59863
52.65396,-8.59862
52.65395,-8.59862
52.6537,-8.59815
52.65285,-8.59545
52.65265,-8.59477
52.65255,-8.59439
52.65236,-8.59386
52.65167,-8.59163
52.65113,-8.58997
52.65101,-8.58957
52.651,-8.58955
52.65084,-8.58899
52.65071,-8.58845
52.65059,-8.58767
52.65052,-8.58705
52.65048,-8.58659
52.65046,-8.58596
52.65047,-8.58501
52.65048,-8.58481
52.65073,-8.58176
52.65077,-8.58108
52.6508,-8.58018
52.6508,-8.57931
52.65076,-8.57916
52.65074,-8.57877
52.65073,-8.57832
52.65076,-8.57812
52.65076,-8.57779
52.65079,-8.57776
52.6508,-8.57774
52.65082,-8.57772
52.65083,-8.5777
52.65083,-8.57769
52.65084,-8.57766
52.65085,-8.57764
52.65086,-8.57761
52.65087,-8.57759
52.65087,-8.57756
52.65088,-8.57753
52.65088,-8.5775
52.65089,-8.57748
52.65089,-8.57736
52.65088,-8.57733
52.65088,-8.5773
52.65086,-8.57726
52.65085,-8.57723
52.65084,-8.57721
52.65082,-8.57719
52.65081,-8.57717
52.6508,-8.57717
52.65079,-8.57716
52.65079,-8.57715
52.65077,-8.57713
52.65076,-8.57713
52.65075,-8.57712
52.65069,-8.57682
52.65067,-8.57675
52.65061,-8.57664
52.65046,-8.57543
52.65036,-8.57475
52.65012,-8.57359
52.64986,-8.5725
52.64909,-8.56995
52.64835,-8.56761
52.64835,-8.56753
52.64816,-8.5669
52.64816,-8.56689
52.64814,-8.56686
52.64755,-8.56491
52.64757,-8.5649
52.6476,-8.5649
52.64761,-8.56489
52.64763,-8.56486
52.64767,-8.56481
52.64769,-8.56478
52.64778,-8.56459
52.64784,-8.56449
52.64792,-8.56431
52.64804,-8.56407
52.64855,-8.56293
52.64893,-8.56204
52.64932,-8.56105
52.64963,-8.5604
52.6498,-8.56008
52.6502,-8.5594
52.65021,-8.5594
52.65112,-8.55782
52.65111,-8.5577
52.65213,-8.55587
52.65217,-8.55581
52.65222,-8.5557
52.65223,-8.55569
52.65282,-8.55456
52.65386,-8.55245
52.65415,-8.55182
52.65425,-8.55158
52.65439,-8.55129
52.65454,-8.55094
52.65458,-8.55087
52.65562,-8.54845
52.65572,-8.54818
52.6559,-8.54776
52.65629,-8.5468
52.65635,-8.54667
52.65759,-8.54363
52.65788,-8.54284
52.65829,-8.54156
52.65861,-8.54041
52.65863,-8.54031
52.6587,-8.54003
52.65873,-8.53994
52.65883,-8.53948
52.65887,-8.53933
52.65904,-8.5385
52.65923,-8.53745
52.66063,-8.52674
52.66071,-8.52626
52.66089,-8.52534
52.66108,-8.52457
52.66109,-8.52451
52.66136,-8.52359
52.66163,-8.52279
52.662,-8.52186
52.66215,-8.52154
52.66223,-8.52135
52.66248,-8.52083
52.66299,-8.5199
52.66337,-8.51932
52.66377,-8.51877
52.66391,-8.51859
52.66406,-8.51842
52.66412,-8.51833
52.66432,-8.5181
52.66457,-8.51783
52.66475,-8.51765
52.66481,-8.5176
52.66501,-8.51741
52.66555,-8.51694
52.66577,-8.51679
52.66596,-8.51664
52.66637,-8.51639
52.66673,-8.51619
52.66696,-8.51608
52.6673,-8.51593
52.66749,-8.51586
52.66811,-8.51568
52.66826,-8.51565
52.66884,-8.51556
52.66937,-8.51552
52.6695,-8.51552
52.66988,-8.51555
52.66993,-8.51555
52.67019,-8.51558
52.67085,-8.51572
52.67156,-8.51585
52.67175,-8.51587
52.67205,-8.51588
52.67253,-8.51587
52.67312,-8.51577
52.67376,-8.51559
52.67408,-8.51551
52.67425,-8.51545
52.6745,-8.51535
52.67497,-8.51512
52.67538,-8.51488
52.67581,-8.5146
52.67628,-8.51424
52.67679,-8.51378
52.67717,-8.51338
52.67754,-8.51295
52.67771,-8.51274
52.67803,-8.51231
52.67848,-8.51164
52.67892,-8.5109
52.67911,-8.51056
52.67946,-8.50985
52.67995,-8.50863
52.68041,-8.50735
52.6809,-8.50605
52.68129,-8.50512
52.68153,-8.50463
52.68188,-8.50398
52.6823,-8.5033
52.68273,-8.50269
52.68326,-8.50201
52.68373,-8.5015
52.6841,-8.50114
52.68449,-8.5008
52.6848,-8.50055
52.68503,-8.50038
52.68573,-8.49996
52.68607,-8.49979
52.68662,-8.49957
52.68726,-8.49939
52.68794,-8.49927
52.68795,-8.49927
52.68931,-8.49908
52.69001,-8.49892
52.69038,-8.49881
52.69077,-8.49867
52.69117,-8.4985
52.69182,-8.49819
52.69239,-8.49785
52.69307,-8.49741
52.69391,-8.49674
52.6947,-8.49598
52.695,-8.49568
52.6953,-8.49534
52.69539,-8.49522
52.69578,-8.49475
52.69606,-8.49439
52.69639,-8.49394
52.6972,-8.49266
52.69814,-8.49108
52.69901,-8.48976
52.69903,-8.48974
52.6997,-8.48882
52.70002,-8.48841
52.70073,-8.48759
52.70188,-8.48641
52.70204,-8.48627
52.70256,-8.48578
52.70309,-8.48534
52.70414,-8.48458
52.7043,-8.48448
52.70458,-8.48429
52.7046,-8.48427
52.70473,-8.48419
52.70717,-8.48254
52.70733,-8.48242
52.70807,-8.4819
52.70944,-8.48078
52.71133,-8.47905
52.71214,-8.47826
52.71391,-8.47643
52.71533,-8.47503
52.71623,-8.47417
52.7181,-8.4725
52.71843,-8.47223
52.72005,-8.47079
52.72085,-8.47005
52.72097,-8.46992
52.72268,-8.46826
52.72375,-8.46716
52.72526,-8.46555
52.72666,-8.46396
52.72819,-8.46211
52.72833,-8.46193
52.72952,-8.46048
52.7313,-8.45808
52.73283,-8.45591
52.73293,-8.45575
52.73295,-8.45573
52.7341,-8.45403
52.73461,-8.45325
52.73558,-8.45171
52.73677,-8.44973
52.739,-8.44587
52.73914,-8.44564
52.73916,-8.4456
52.74055,-8.44317
52.7453,-8.43502
52.74541,-8.43481
52.74542,-8.4348
52.74705,-8.43184
52.74747,-8.43105
52.74766,-8.43067
52.74784,-8.43034
52.74817,-8.4297
52.74848,-8.42906
52.74888,-8.42827
52.74933,-8.42733
52.74964,-8.42671
52.74977,-8.42643
52.74977,-8.42642
52.74987,-8.42621
52.74987,-8.4262
52.74988,-8.42619
52.75045,-8.42497
52.75113,-8.42344
52.75118,-8.42334
52.75162,-8.42234
52.75245,-8.42037
52.7533,-8.41829
52.75361,-8.41747
52.75365,-8.41738
52.75368,-8.41729
52.75377,-8.41707
52.75401,-8.41642
52.75407,-8.41628
52.75665,-8.40952
52.7569,-8.4088
52.75789,-8.40625
52.75867,-8.40439
52.75975,-8.40199
52.76077,-8.3999
52.76161,-8.39828
52.76268,-8.39636
52.7637,-8.39464
52.76451,-8.39337
52.766,-8.39114
52.76642,-8.39055
52.76643,-8.39053
52.76726,-8.38939
52.76782,-8.38865
52.76797,-8.38847
52.76868,-8.38757
52.76926,-8.38687
52.77002,-8.38598
52.77015,-8.38584
52.77029,-8.38567
52.77065,-8.38528
52.7711,-8.38477
52.77137,-8.38444
52.77192,-8.38382
52.77196,-8.38376
52.7737,-8.3818
52.77384,-8.38163
52.77775,-8.37724
52.77819,-8.37673
52.77888,-8.37588
52.77921,-8.37545
52.77922,-8.37544
52.77948,-8.37511
52.77949,-8.37509
52.78016,-8.37419
52.78081,-8.37328
52.78154,-8.37221
52.78155,-8.37219
52.78193,-8.37161
52.78194,-8.37159
52.78233,-8.37098
52.78233,-8.37097
52.78278,-8.37024
52.78335,-8.36928
52.78338,-8.36921
52.78347,-8.36906
52.78359,-8.36884
52.78361,-8.36881
52.78453,-8.36707
52.78453,-8.36705
52.78487,-8.36638
52.78574,-8.36455
52.78606,-8.36383
52.78609,-8.36378
52.78637,-8.36313
52.78641,-8.36305
52.78705,-8.36151
52.78761,-8.36009
52.78834,-8.35807
52.78842,-8.35783
52.78843,-8.35779
52.7886,-8.35728
52.78861,-8.35727
52.78869,-8.357
52.78901,-8.35603
52.78949,-8.35443
52.79015,-8.35206
52.79041,-8.35103
52.79042,-8.35096
52.79058,-8.35034
52.79062,-8.35013
52.79073,-8.34969
52.79081,-8.34933
52.79082,-8.3493
52.79118,-8.34762
52.79123,-8.34733
52.79129,-8.34705
52.79139,-8.34652
52.7914,-8.34649
52.79145,-8.34624
52.79145,-8.3462
52.79151,-8.34592
52.79152,-8.34584
52.79179,-8.34433
52.79217,-8.34195
52.79224,-8.34161
52.79233,-8.34108
52.79259,-8.33976
52.79291,-8.33833
52.79324,-8.33698
52.79338,-8.33648
52.79346,-8.33614
52.79357,-8.33578
52.79364,-8.33551
52.79396,-8.33444
52.79447,-8.33285
52.79495,-8.33148
52.79534,-8.33047
52.79539,-8.33032
52.79576,-8.32942
52.79632,-8.32814
52.79633,-8.32813
52.79643,-8.3279
52.79725,-8.3262
52.79753,-8.32566
52.79829,-8.32428
52.79839,-8.32411
52.79842,-8.32407
52.79854,-8.32385
52.79867,-8.32364
52.79868,-8.32362
52.799,-8.3231
52.79961,-8.32216
52.80049,-8.32089
52.80088,-8.32036
52.80159,-8.31946
52.80246,-8.31844
52.80307,-8.31777
52.80323,-8.31762
52.80327,-8.31757
52.80353,-8.3173
52.80369,-8.31715
52.80372,-8.31711
52.80411,-8.31674
52.80431,-8.31656
52.80448,-8.31639
52.80523,-8.31572
52.8059,-8.31518
52.80648,-8.31473
52.80686,-8.31445
52.80717,-8.31424
52.80722,-8.31421
52.80766,-8.3139
52.80771,-8.31386
52.81146,-8.31129
52.81168,-8.31115
52.81219,-8.31079
52.8122,-8.31078
52.82056,-8.30509
52.82145,-8.30445
52.82202,-8.304
52.82231,-8.30376
52.82306,-8.3031
52.82399,-8.30222
52.82509,-8.30106
52.82542,-8.30067
52.82561,-8.30046
52.82661,-8.29921
52.82704,-8.29863
52.82758,-8.29786
52.82758,-8.29785
52.82813,-8.29703
52.82873,-8.29608
52.82955,-8.29484
52.83028,-8.2938
52.83109,-8.2927
52.83186,-8.29172
52.83193,-8.29164
52.83276,-8.29061
52.83337,-8.28983
52.83371,-8.28942
52.83387,-8.28921
52.83561,-8.28704
52.83562,-8.28703
52.83647,-8.28597
52.83665,-8.28573
52.83739,-8.28469
52.83781,-8.28404
52.83813,-8.28352
52.83858,-8.28273
52.83881,-8.2823
52.8392,-8.28153
52.83977,-8.28031
52.83984,-8.28014
52.84039,-8.27892
52.84068,-8.27821
52.84097,-8.27746
52.84128,-8.2766
52.84167,-8.27536
52.84213,-8.27368
52.84238,-8.27266
52.84334,-8.26809
52.84393,-8.26543
52.84397,-8.2652
52.84406,-8.26476
52.84428,-8.26354
52.84449,-8.26212
52.84455,-8.26182
52.84468,-8.26088
52.84488,-8.2592
52.84498,-8.25821
52.84502,-8.25763
52.84516,-8.25606
52.84523,-8.25496
52.8453,-8.25338
52.84533,-8.25156
52.84532,-8.25018
52.84514,-8.24592
52.84514,-8.24583
52.84505,-8.24354
52.84503,-8.24324
52.84453,-8.23001
52.84453,-8.2297
52.84446,-8.22681
52.84446,-8.22639
52.84444,-8.22549
52.84442,-8.22088
52.84443,-8.22054
52.84443,-8.22019
52.8446,-8.21522
52.84476,-8.212
52.84494,-8.20933
52.84494,-8.20928
52.8451,-8.20731
52.84512,-8.20697
52.84716,-8.18492
52.84716,-8.18488
52.84719,-8.18462
52.84722,-8.18421
52.84774,-8.17854
52.84774,-8.17793
52.8482,-8.17294
52.84822,-8.17264
52.84876,-8.16683
52.84888,-8.16535
52.84899,-8.1643
52.84899,-8.16425
52.84922,-8.16199
52.84939,-8.16062
52.84942,-8.16032
52.84946,-8.16004
52.84957,-8.15902
52.84972,-8.15808
52.85012,-8.15594
52.85028,-8.15522
52.85065,-8.15373
52.85071,-8.15354
52.85098,-8.15252
52.85099,-8.15251
52.85131,-8.1514
52.85146,-8.15093
52.85148,-8.15085
52.85252,-8.14754
52.85413,-8.14259
52.8542,-8.14235
52.8561,-8.13642
52.85612,-8.13634
52.85616,-8.13623
52.8562,-8.13608
52.85626,-8.1359
52.8563,-8.13575
52.85644,-8.13532
52.85728,-8.13228
52.85761,-8.13091
52.85783,-8.1299
52.85827,-8.12761
52.85845,-8.12656
52.85875,-8.12511
52.85878,-8.125
52.85932,-8.12229
52.85935,-8.12217
52.85978,-8.12003
52.85987,-8.11951
52.86033,-8.11718
52.86056,-8.11592
52.86155,-8.11143
52.8619,-8.10973
52.86199,-8.10937
52.8621,-8.10883
52.86262,-8.1065
52.86291,-8.10508
52.86292,-8.10507
52.86326,-8.10329
52.86355,-8.10158
52.86396,-8.09869
52.86431,-8.09568
52.86434,-8.09533
52.8651,-8.08844
52.86513,-8.08828
52.86519,-8.08774
52.86532,-8.08695
52.86551,-8.08599
52.86552,-8.08596
52.86566,-8.08539
52.86573,-8.08517
52.86582,-8.08485
52.86615,-8.08393
52.86636,-8.08343
52.8666,-8.08292
52.86727,-8.08158
52.86729,-8.08155
52.86763,-8.08085
52.86767,-8.08078
52.86781,-8.08043
52.86796,-8.08008
52.8682,-8.07937
52.86833,-8.07894
52.86846,-8.07847
52.86857,-8.07801
52.86858,-8.07799
52.86875,-8.07707
52.8689,-8.07593
52.86894,-8.07537
52.86898,-8.07422
52.86893,-8.073
52.86887,-8.07221
52.8688,-8.07153
52.8688,-8.07148
52.86872,-8.07084
52.86863,-8.06998
52.86862,-8.06977
52.86861,-8.06971
52.86859,-8.06942
52.86856,-8.06912
52.86851,-8.06815
52.86851,-8.0668
52.86855,-8.06594
52.86858,-8.06554
52.86867,-8.06472
52.86888,-8.0633
52.86888,-8.06328
52.86909,-8.06222
52.86917,-8.06187
52.86918,-8.0618
52.86949,-8.06044
52.87002,-8.05826
52.87003,-8.0582
52.87026,-8.05725
52.87029,-8.05716
52.87035,-8.05688
52.87036,-8.05685
52.87047,-8.05641
52.87061,-8.05591
52.87074,-8.05537
52.87089,-8.05482
52.87092,-8.05469
52.871,-8.05442
52.87105,-8.0542
52.87125,-8.05343
52.87135,-8.05311
52.87157,-8.05228
52.8719,-8.05113
52.87196,-8.05089
52.87212,-8.05035
52.87219,-8.05008
52.87223,-8.04996
52.87254,-8.04881
52.87286,-8.04751
52.87316,-8.04616
52.87341,-8.04491
52.87377,-8.04289
52.87389,-8.04214
52.87411,-8.04054
52.87423,-8.03951
52.87431,-8.0387
52.87433,-8.03843
52.87436,-8.03818
52.87436,-8.03814
52.87439,-8.03784
52.87439,-8.0378
52.87449,-8.03658
52.87458,-8.03518
52.87461,-8.03453
52.87476,-8.02983
52.87476,-8.02957
52.87477,-8.02953
52.87486,-8.02671
52.87487,-8.02596
52.87493,-8.02433
52.87508,-8.0224
52.87524,-8.02092
52.87536,-8.02003
52.87583,-8.01731
52.87606,-8.01623
52.87641,-8.01478
52.87659,-8.01415
52.87666,-8.01388
52.87697,-8.01286
52.87715,-8.01231
52.87755,-8.01116
52.87771,-8.01073
52.87809,-8.00979
52.87837,-8.00913
52.87843,-8.009
52.87843,-8.00899
52.87894,-8.0079
52.87987,-8.00609
52.8804,-8.00498
52.88069,-8.00432
52.88087,-8.00388
52.88136,-8.0026
52.88178,-8.00133
52.882,-8.00062
52.88235,-7.9993
52.88246,-7.99881
52.88255,-7.99845
52.88257,-7.99833
52.88267,-7.99792
52.88302,-7.99598
52.8832,-7.99463
52.8833,-7.99366
52.88332,-7.99355
52.88335,-7.99326
52.88337,-7.99297
52.88339,-7.9928
52.88347,-7.99149
52.88351,-7.99029
52.88351,-7.99
52.88352,-7.9897
52.88351,-7.98808
52.88347,-7.98702
52.88335,-7.98524
52.88335,-7.98519
52.88322,-7.98277
52.88321,-7.98227
52.88319,-7.98187
52.88317,-7.98089
52.88317,-7.97878
52.88324,-7.9761
52.88331,-7.97492
52.88331,-7.97479
52.88341,-7.97341
52.88358,-7.97142
52.88359,-7.97137
52.88398,-7.96758
52.88399,-7.96755
52.88464,-7.96129
52.88467,-7.9609
52.88634,-7.94509
52.88637,-7.94488
52.88641,-7.94441
52.88673,-7.9414
52.88675,-7.94114
52.88711,-7.93755
52.88724,-7.9364
52.88747,-7.93404
52.88751,-7.93337
52.88752,-7.9333
52.88754,-7.9325
52.88754,-7.93156
52.88748,-7.93022
52.88741,-7.92951
52.88726,-7.92837
52.88687,-7.92603
52.8868,-7.92554
52.88678,-7.92543
52.88671,-7.92488
52.88667,-7.92447
52.88661,-7.9233
52.88661,-7.92252
52.88663,-7.92208
52.88667,-7.92148
52.88667,-7.92141
52.88677,-7.92034
52.88678,-7.9203
52.88682,-7.92004
52.88683,-7.92001
52.88688,-7.91969
52.88715,-7.9185
52.88723,-7.91821
52.88734,-7.91785
52.88745,-7.91753
52.88768,-7.91691
52.88792,-7.91637
52.88807,-7.91607
52.8885,-7.91528
52.88868,-7.915
52.88918,-7.91429
52.88943,-7.91398
52.88971,-7.91367
52.89005,-7.91335
52.89007,-7.91334
52.89021,-7.91321
52.8904,-7.91305
52.89054,-7.91296
52.89091,-7.9127
52.89189,-7.91214
52.89227,-7.91191
52.89257,-7.91176
52.89318,-7.9114
52.89391,-7.91089
52.89501,-7.91003
52.89566,-7.90941
52.89625,-7.90882
52.8964,-7.90868
52.89685,-7.90816
52.8969,-7.90811
52.89699,-7.90799
52.89729,-7.90765
52.89733,-7.90761
52.89776,-7.90706
52.89795,-7.90683
52.89825,-7.90641
52.89828,-7.90636
52.89835,-7.90627
52.8987,-7.90576
52.89919,-7.90501
52.89922,-7.90497
52.89934,-7.90476
52.8994,-7.90467
52.90005,-7.90357
52.902,-7.8999
52.90211,-7.89967
52.90235,-7.89921
52.90307,-7.89771
52.90345,-7.89686
52.90428,-7.89493
52.90429,-7.89492
52.90438,-7.89467
52.90474,-7.89378
52.90533,-7.89216
52.90592,-7.89039
52.90593,-7.89035
52.90641,-7.88886
52.90672,-7.88781
52.90696,-7.88687
52.90699,-7.88678
52.90735,-7.88538
52.90781,-7.88326
52.90831,-7.88077
52.90887,-7.87725
52.90896,-7.87659
52.90915,-7.87498
52.90926,-7.87388
52.90947,-7.87137
52.90956,-7.869
52.90957,-7.8689
52.9096,-7.86729
52.90961,-7.86513
52.9096,-7.86415
52.90953,-7.86154
52.90953,-7.86125
52.90952,-7.86096
52.90952,-7.86066
52.90951,-7.86036
52.90952,-7.85887
52.90953,-7.85867
52.90955,-7.85724
52.90957,-7.85678
52.90957,-7.85648
52.90958,-7.85646
52.90961,-7.85559
52.90972,-7.85351
52.90972,-7.85346
52.90985,-7.85144
52.91004,-7.84923
52.91045,-7.84595
52.91083,-7.84328
52.91131,-7.84055
52.91195,-7.8372
52.91233,-7.83562
52.91266,-7.83434
52.91272,-7.83406
52.91382,-7.82975
52.91388,-7.82947
52.91391,-7.82938
52.91417,-7.82818
52.91472,-7.82537
52.91483,-7.82467
52.91483,-7.82465
52.91521,-7.82206
52.91521,-7.82204
52.91545,-7.82007
52.91545,-7.82
52.91557,-7.81882
52.91559,-7.81856
52.9156,-7.8185
52.91564,-7.81793
52.91566,-7.8178
52.91586,-7.81575
52.91601,-7.81446
52.91612,-7.81365
52.91638,-7.8121
52.91642,-7.81181
52.91651,-7.81132
52.91652,-7.81123
52.91673,-7.81009
52.91674,-7.81008
52.91704,-7.80869
52.91713,-7.80823
52.91754,-7.80658
52.91771,-7.80596
52.91803,-7.80488
52.91808,-7.80469
52.91825,-7.80415
52.91832,-7.80389
52.91843,-7.80353
52.91859,-7.80307
52.91892,-7.80205
52.91896,-7.80195
52.91897,-7.80193
52.91925,-7.8012
52.91989,-7.79937
52.91993,-7.79927
52.92024,-7.79835
52.92025,-7.79834
52.92028,-7.79823
52.92158,-7.79463
52.92163,-7.79452
52.92326,-7.78994
52.92335,-7.78965
52.92409,-7.78748
52.92458,-7.78579
52.92494,-7.7844
52.92514,-7.78368
52.92545,-7.78238
52.92571,-7.78115
52.926,-7.77967
52.92645,-7.77692
52.92673,-7.77474
52.92674,-7.77469
52.92677,-7.7744
52.92679,-7.7741
52.927,-7.77179
52.92712,-7.76931
52.92715,-7.76489
52.92712,-7.76339
52.92695,-7.76025
52.92668,-7.75771
52.92666,-7.75761
52.92646,-7.75596
52.92623,-7.75426
52.92623,-7.75424
52.92618,-7.75391
52.92581,-7.75038
52.9258,-7.75033
52.92509,-7.74505
52.92427,-7.73828
52.92416,-7.7375
52.92413,-7.73721
52.92378,-7.73472
52.92357,-7.73358
52.92325,-7.73211
52.92297,-7.73095
52.92275,-7.73013
52.92267,-7.72987
52.92265,-7.72979
52.92223,-7.72849
52.9217,-7.727
52.92108,-7.72544
52.92082,-7.72483
52.92079,-7.72478
52.92069,-7.72454
52.92058,-7.7243
52.92057,-7.72427
52.92014,-7.72336
52.91993,-7.72296
52.9195,-7.72221
52.91861,-7.72059
52.91815,-7.71971
52.91779,-7.71892
52.91777,-7.71889
52.91728,-7.71783
52.91713,-7.71744
52.91695,-7.71693
52.91671,-7.71629
52.91651,-7.71568
52.91617,-7.71458
52.91603,-7.71403
52.91595,-7.71376
52.91592,-7.71361
52.91582,-7.7132
52.91576,-7.71292
52.91573,-7.71281
52.91547,-7.7116
52.91533,-7.71086
52.91521,-7.71008
52.9152,-7.71004
52.91502,-7.7087
52.91492,-7.70781
52.91483,-7.70666
52.91479,-7.70597
52.91476,-7.70472
52.91476,-7.70241
52.91479,-7.70114
52.91482,-7.70063
52.91484,-7.70009
52.91504,-7.69733
52.91522,-7.6953
52.91539,-7.6936
52.91578,-7.69032
52.91624,-7.68723
52.9166,-7.68513
52.9166,-7.68512
52.91681,-7.68398
52.91755,-7.68045
52.91786,-7.67922
52.91792,-7.67894
52.91827,-7.67753
52.91888,-7.67524
52.91967,-7.67263
52.92045,-7.67023
52.92093,-7.66846
52.92142,-7.66641
52.92153,-7.66591
52.92198,-7.66368
52.92213,-7.66281
52.92247,-7.66047
52.9227,-7.6586
52.9229,-7.65654
52.92292,-7.65624
52.92292,-7.65619
52.923,-7.65478
52.92304,-7.65362
52.92308,-7.65169
52.92307,-7.65145
52.92307,-7.65019
52.92302,-7.64848
52.92299,-7.64794
52.92298,-7.6476
52.92286,-7.64525
52.92282,-7.64363
52.92282,-7.64222
52.92287,-7.64055
52.92299,-7.63823
52.923,-7.63788
52.92307,-7.63698
52.92308,-7.6369
52.92325,-7.6347
52.92328,-7.6344
52.9233,-7.63411
52.92346,-7.63236
52.92346,-7.63233
52.92415,-7.62254
52.92415,-7.6225
52.92438,-7.61945
52.92444,-7.61881
52.92514,-7.60994
52.92527,-7.60875
52.92528,-7.60873
52.92557,-7.60646
52.92654,-7.59964
52.9268,-7.59754
52.92687,-7.59648
52.92691,-7.59545
52.92691,-7.59502
52.92687,-7.59379
52.92678,-7.59261
52.92672,-7.59203
52.92653,-7.59084
52.9264,-7.59017
52.92625,-7.58953
52.92603,-7.58868
52.92558,-7.58732
52.9252,-7.58637
52.92517,-7.58632
52.9249,-7.58572
52.92463,-7.58518
52.92452,-7.58498
52.92439,-7.58477
52.92428,-7.58457
52.92414,-7.58434
52.92413,-7.58431
52.92277,-7.58221
52.92237,-7.58151
52.92201,-7.58084
52.92168,-7.58012
52.92141,-7.57947
52.92123,-7.57899
52.921,-7.57829
52.9209,-7.57795
52.92083,-7.57775
52.92082,-7.57768
52.92074,-7.57741
52.92069,-7.5772
52.92067,-7.57714
52.92056,-7.5767
52.92032,-7.57551
52.92022,-7.57487
52.92012,-7.57413
52.92002,-7.57307
52.91991,-7.57133
52.9199,-7.57126
52.91971,-7.56777
52.9197,-7.56772
52.91889,-7.55367
52.91876,-7.55218
52.91862,-7.55101
52.91824,-7.54866
52.91805,-7.54776
52.91783,-7.5468
52.91749,-7.5455
52.91704,-7.54403
52.91665,-7.5429
52.9157,-7.54042
52.91502,-7.53853
52.91438,-7.53657
52.91411,-7.53566
52.91383,-7.53464
52.91333,-7.53264
52.91269,-7.52959
52.91251,-7.52859
52.91228,-7.52714
52.91216,-7.52628
52.9119,-7.5241
52.91173,-7.52227
52.91161,-7.52039
52.91153,-7.51774
52.91152,-7.51674
52.91153,-7.51531
52.91156,-7.51394
52.91165,-7.51211
52.91178,-7.51033
52.91179,-7.51028
52.91179,-7.51027
52.91203,-7.50805
52.9121,-7.5075
52.91212,-7.50739
52.91222,-7.50658
52.91228,-7.50623
52.91255,-7.50441
52.91264,-7.50391
52.91265,-7.50388
52.91283,-7.50289
52.91298,-7.50215
52.91349,-7.49984
52.91367,-7.49913
52.9137,-7.49905
52.91389,-7.49831
52.91428,-7.49692
52.91467,-7.49564
52.91512,-7.4943
52.91567,-7.49278
52.91614,-7.49158
52.9166,-7.4905
52.91723,-7.48912
52.91723,-7.48911
52.91734,-7.48889
52.91734,-7.48888
52.91814,-7.48727
52.91819,-7.48719
52.91855,-7.48651
52.91912,-7.4855
52.91983,-7.48431
52.91988,-7.48424
52.92028,-7.48362
52.92068,-7.48304
52.92132,-7.48217
52.92357,-7.47936
52.92394,-7.47892
52.92441,-7.47826
52.92745,-7.47416
52.93029,-7.47042
52.93172,-7.46835
52.93256,-7.4672
52.93309,-7.46643
52.93335,-7.46601
52.93416,-7.46479
52.93526,-7.46294
52.93651,-7.46092
52.93716,-7.45979
52.93717,-7.45978
52.93735,-7.45948
52.93822,-7.45794
52.94028,-7.45399
52.94054,-7.45346
52.9408,-7.45302
52.94142,-7.45202
52.94217,-7.45095
52.94274,-7.4502
52.94307,-7.44981
52.94335,-7.44946
52.94341,-7.4494
52.94341,-7.44939
52.94356,-7.44922
52.9437,-7.44905
52.94401,-7.44873
52.94406,-7.44867
52.94472,-7.448
52.94552,-7.44726
52.94603,-7.44683
52.94662,-7.44638
52.94712,-7.44602
52.94746,-7.44579
52.94785,-7.44554
52.94853,-7.44516
52.94854,-7.44515
52.94871,-7.44506
52.94872,-7.44506
52.94889,-7.44498
52.94906,-7.44489
52.94907,-7.44488
52.94959,-7.44463
52.95036,-7.44432
52.95115,-7.44404
52.95133,-7.44397
52.95363,-7.44315
52.95527,-7.4426
52.95764,-7.44176
52.95768,-7.44175
52.95785,-7.44168
52.95786,-7.44168
52.96059,-7.4407
52.96092,-7.44057
52.96142,-7.44039
52.962,-7.44016
52.96249,-7.43995
52.96335,-7.43956
52.96363,-7.43942
52.96363,-7.43941
52.96364,-7.43941
52.9638,-7.43933
52.9638,-7.43932
52.96397,-7.43924
52.96414,-7.43914
52.965,-7.43868
52.96627,-7.43792
52.96657,-7.43771
52.9668,-7.43756
52.9692,-7.43585
52.96929,-7.43578
52.96983,-7.43543
52.97035,-7.43512
52.97128,-7.43461
52.97209,-7.43421
52.9722,-7.43415
52.97261,-7.43398
52.97267,-7.43395
52.9732,-7.43373
52.97388,-7.43347
52.9744,-7.43329
52.97516,-7.43307
52.97587,-7.43289
52.97649,-7.43276
52.97735,-7.43263
52.97819,-7.43254
52.97918,-7.43251
52.98029,-7.43255
52.98039,-7.43256
52.98047,-7.43256
52.98105,-7.43262
52.98167,-7.4327
52.98219,-7.43279
52.98257,-7.43283
52.98285,-7.43285
52.98311,-7.43288
52.98336,-7.4329
52.98392,-7.4329
52.98434,-7.43287
52.98458,-7.43282
52.98478,-7.4328
52.98506,-7.43274
52.98508,-7.43274
52.98557,-7.43262
52.98589,-7.43253
52.98642,-7.43232
52.98686,-7.43211
52.98771,-7.43161
52.98844,-7.4311
52.98874,-7.43086
52.98902,-7.43062
52.98959,-7.43009
52.98962,-7.43005
52.98977,-7.4299
52.99023,-7.42939
52.99088,-7.42858
52.99114,-7.42821
52.99125,-7.42807
52.99196,-7.42693
52.99234,-7.42624
52.99282,-7.42529
52.99302,-7.42481
52.99308,-7.42468
52.99317,-7.42444
52.99334,-7.42403
52.99357,-7.42341
52.99372,-7.42304
52.99402,-7.42208
52.99416,-7.42158
52.99442,-7.42058
52.9946,-7.41976
52.99477,-7.41887
52.99481,-7.41859
52.99488,-7.4182
52.99503,-7.41706
52.99505,-7.4168
52.99509,-7.41646
52.99518,-7.41521
52.99521,-7.41452
52.99523,-7.41321
52.99523,-7.41107
52.99524,-7.41063
52.99528,-7.40976
52.99528,-7.40969
52.99532,-7.4091
52.9955,-7.40721
52.99563,-7.4062
52.99572,-7.40563
52.99592,-7.40451
52.99593,-7.40448
52.99623,-7.40314
52.99625,-7.40309
52.99625,-7.40308
52.99639,-7.40254
52.99669,-7.40149
52.99699,-7.40056
52.99743,-7.39936
52.99773,-7.39864
52.99819,-7.39763
52.99827,-7.39747
52.99846,-7.39712
52.99986,-7.39498
53.00026,-7.39431
53.00028,-7.39427
53.00042,-7.39403
53.00106,-7.39286
53.0012,-7.39262
53.00175,-7.39161
53.00215,-7.39078
53.00218,-7.3907
53.00271,-7.38969
53.00323,-7.38879
53.00336,-7.38855
53.00807,-7.38033
53.00863,-7.37929
53.0087,-7.37915
53.00892,-7.37875
53.00987,-7.37682
53.01007,-7.37638
53.01009,-7.37635
53.01012,-7.37628
53.01012,-7.37626
53.01018,-7.37615
53.01019,-7.37611
53.01027,-7.37595
53.01028,-7.37591
53.01029,-7.3759
53.01051,-7.37541
53.01106,-7.37411
53.01112,-7.37395
53.01122,-7.37371
53.01124,-7.37365
53.01141,-7.37323
53.0119,-7.37195
53.0119,-7.37194
53.01199,-7.37168
53.01204,-7.37156
53.01256,-7.37004
53.01322,-7.36798
53.01339,-7.36737
53.0136,-7.36668
53.0136,-7.36667
53.01368,-7.36641
53.01368,-7.3664
53.01384,-7.36586
53.01391,-7.3656
53.01391,-7.36559
53.01752,-7.35324
53.01753,-7.35322
53.018,-7.35163
53.01811,-7.35121
53.01862,-7.34954
53.01864,-7.34946
53.01923,-7.34752
53.01947,-7.34653
53.01977,-7.34502
53.01995,-7.34389
53.02008,-7.34283
53.02014,-7.34225
53.02019,-7.34158
53.02025,-7.34028
53.02026,-7.33858
53.02025,-7.33843
53.02024,-7.33755
53.02018,-7.33626
53.02007,-7.33492
53.02007,-7.33487
53.01999,-7.33424
53.01978,-7.33278
53.01956,-7.33157
53.01935,-7.33059
53.01906,-7.32944
53.01888,-7.3288
53.0188,-7.32856
53.01869,-7.32818
53.01829,-7.32702
53.01786,-7.32593
53.01752,-7.32516
53.01713,-7.32433
53.01692,-7.32385
53.01688,-7.32377
53.01627,-7.3223
53.01599,-7.32156
53.01561,-7.32049
53.0153,-7.31954
53.01498,-7.31843
53.01471,-7.31738
53.01447,-7.31629
53.01423,-7.31508
53.01409,-7.3143
53.01393,-7.31326
53.01377,-7.31205
53.01365,-7.31094
53.01355,-7.30969
53.01347,-7.30845
53.01342,-7.30728
53.01341,-7.30557
53.01351,-7.29794
53.0135,-7.29524
53.01354,-7.29301
53.01354,-7.29224
53.01356,-7.29101
53.01357,-7.29082
53.01369,-7.28463
53.01374,-7.28338
53.0138,-7.28248
53.01391,-7.28125
53.01416,-7.27915
53.01455,-7.27689
53.01496,-7.27505
53.01512,-7.27441
53.01534,-7.27361
53.01539,-7.2734
53.01568,-7.27244
53.01618,-7.27097
53.01646,-7.2702
53.01691,-7.26911
53.0173,-7.26822
53.0177,-7.26737
53.01797,-7.26684
53.01848,-7.2659
53.01939,-7.26439
53.01996,-7.26355
53.02054,-7.26277
53.02114,-7.26203
53.02255,-7.26037
53.0247,-7.25796
53.02616,-7.25622
53.02617,-7.25622
53.02631,-7.25604
53.02793,-7.25415
53.02798,-7.25408
53.03083,-7.25072
53.03095,-7.25056
53.03153,-7.24988
53.03255,-7.24873
53.03312,-7.24815
53.03411,-7.24723
53.03487,-7.24661
53.03588,-7.24595
53.03662,-7.24551
53.03663,-7.24551
53.03671,-7.24546
53.03679,-7.24542
53.03697,-7.24532
53.03714,-7.24524
53.03753,-7.24504
53.03832,-7.24469
53.03895,-7.24447
53.03953,-7.24431
53.04015,-7.24418
53.04085,-7.24405
53.04098,-7.24402
53.04283,-7.24367
53.0437,-7.24344
53.04415,-7.24329
53.0462,-7.2424
53.04677,-7.24209
53.0475,-7.24163
53.04841,-7.24102
53.04901,-7.24057
53.04958,-7.2401
53.04996,-7.2398
53.05017,-7.23958
53.0502,-7.23956
53.05037,-7.23936
53.05109,-7.23867
53.05148,-7.23828
53.05178,-7.23796
53.05274,-7.23688
53.05297,-7.2366
53.05312,-7.23645
53.05319,-7.23636
53.05338,-7.23614
53.05366,-7.23577
53.05412,-7.2352
53.05431,-7.23495
53.05459,-7.23463
53.05464,-7.23456
53.05549,-7.23357
53.05598,-7.23295
53.05606,-7.23286
53.05655,-7.23227
53.05752,-7.23106
53.05807,-7.23034
53.06189,-7.22487
53.06217,-7.22443
53.06217,-7.22442
53.06678,-7.21733
53.06679,-7.21731
53.06715,-7.21674
53.06763,-7.21607
53.07617,-7.20288
53.07691,-7.20168
53.07808,-7.19959
53.07856,-7.19867
53.07949,-7.19675
53.08016,-7.19524
53.08079,-7.19369
53.08124,-7.19251
53.08151,-7.19176
53.08217,-7.1898
53.08236,-7.18919
53.08258,-7.18843
53.08264,-7.18825
53.08316,-7.1864
53.08368,-7.18472
53.08428,-7.18292
53.0846,-7.18203
53.08488,-7.18131
53.08519,-7.18058
53.08567,-7.17938
53.08574,-7.17918
53.08647,-7.17747
53.08746,-7.17543
53.08792,-7.17454
53.08824,-7.17396
53.08841,-7.17363
53.08867,-7.17316
53.08937,-7.17199
53.09004,-7.17092
53.09096,-7.16954
53.09131,-7.16905
53.09297,-7.16687
53.09341,-7.16627
53.0946,-7.16456
53.09529,-7.16348
53.09574,-7.16273
53.09633,-7.1617
53.09694,-7.1606
53.09722,-7.16006
53.09817,-7.15815
53.09919,-7.15591
53.0998,-7.15442
53.09989,-7.15417
53.09996,-7.15401
53.10112,-7.15085
53.1022,-7.14774
53.10336,-7.14422
53.10479,-7.13952
53.10486,-7.13925
53.10507,-7.13853
53.1051,-7.13844
53.10515,-7.13826
53.10517,-7.13816
53.10563,-7.13655
53.10637,-7.13381
53.10707,-7.13108
53.10827,-7.12611
53.10846,-7.12527
53.10857,-7.12483
53.1089,-7.12335
53.10898,-7.12303
53.10996,-7.11852
53.10999,-7.11834
53.11002,-7.11824
53.11007,-7.11795
53.11063,-7.11524
53.11065,-7.11512
53.11077,-7.11455
53.11167,-7.10985
53.11221,-7.10683
53.11221,-7.10682
53.11285,-7.10308
53.11323,-7.10054
53.11358,-7.0978
53.1139,-7.09469
53.11392,-7.09439
53.11395,-7.09414
53.11395,-7.09409
53.11412,-7.09187
53.11425,-7.08963
53.11427,-7.08903
53.11429,-7.08873
53.11429,-7.08858
53.11432,-7.08794
53.11436,-7.08629
53.11436,-7.08594
53.11437,-7.08569
53.11437,-7.0853
53.11438,-7.08491
53.11439,-7.08314
53.11437,-7.08138
53.11432,-7.07958
53.11425,-7.07781
53.11405,-7.07387
53.11405,-7.07379
53.11371,-7.06734
53.11366,-7.06609
53.11365,-7.06431
53.11368,-7.06311
53.11374,-7.06181
53.1138,-7.06091
53.11402,-7.05874
53.11426,-7.05705
53.11453,-7.05555
53.11474,-7.05453
53.11525,-7.05248
53.11533,-7.05221
53.11535,-7.05211
53.11564,-7.05113
53.11587,-7.05044
53.1161,-7.04979
53.11639,-7.04904
53.11669,-7.04831
53.11706,-7.04749
53.1174,-7.04681
53.11777,-7.04611
53.11782,-7.04603
53.11789,-7.04589
53.11873,-7.04455
53.11921,-7.04386
53.11935,-7.04367
53.11937,-7.04365
53.12008,-7.04279
53.12023,-7.04262
53.12024,-7.0426
53.12068,-7.04213
53.12113,-7.04169
53.12149,-7.04136
53.1217,-7.04118
53.12178,-7.04112
53.12217,-7.0408
53.12256,-7.04052
53.12334,-7.04001
53.12361,-7.03987
53.12375,-7.03979
53.12378,-7.03977
53.12395,-7.03968
53.12412,-7.0396
53.12415,-7.03958
53.12464,-7.03936
53.12467,-7.03934
53.12517,-7.03914
53.12559,-7.03899
53.12693,-7.03856
53.12695,-7.03856
53.12711,-7.03851
53.12818,-7.03821
53.12839,-7.03816
53.12924,-7.03792
53.12944,-7.03787
53.13102,-7.03742
53.13124,-7.03737
53.13155,-7.03728
53.13237,-7.037
53.13278,-7.03684
53.13339,-7.03656
53.13376,-7.03638
53.13449,-7.03596
53.13488,-7.03572
53.1353,-7.03544
53.13561,-7.03521
53.1357,-7.03515
53.13586,-7.03503
53.13588,-7.03501
53.13618,-7.03477
53.13626,-7.0347
53.13635,-7.03464
53.13701,-7.03407
53.13755,-7.03355
53.13822,-7.03286
53.13859,-7.03244
53.13903,-7.03192
53.13905,-7.03189
53.13974,-7.031
53.14004,-7.03058
53.14059,-7.02976
53.14097,-7.02916
53.14151,-7.02823
53.14236,-7.02661
53.14281,-7.02567
53.14365,-7.02361
53.14412,-7.02231
53.14431,-7.02172
53.14431,-7.02171
53.14457,-7.02088
53.14506,-7.01913
53.14576,-7.01612
53.14599,-7.01504
53.1464,-7.0129
53.14663,-7.01156
53.14684,-7.01005
53.14685,-7.01003
53.14717,-7.00774
53.14719,-7.00765
53.14728,-7.00698
53.14733,-7.00669
53.14748,-7.00564
53.1476,-7.00495
53.14776,-7.00369
53.14778,-7.00345
53.14858,-6.99775
53.14923,-6.99337
53.1498,-6.98929
53.14982,-6.98918
53.15009,-6.98729
53.15016,-6.98673
53.15047,-6.98459
53.15048,-6.98449
53.15051,-6.98432
53.15084,-6.98188
53.15084,-6.98186
53.15114,-6.97971
53.15118,-6.97937
53.15118,-6.97936
53.15126,-6.97885
53.15311,-6.96556
53.15315,-6.96532
53.15416,-6.95794
53.15433,-6.95637
53.15455,-6.95389
53.15466,-6.95225
53.15479,-6.94922
53.15483,-6.9474
53.15482,-6.94475
53.15476,-6.94259
53.15464,-6.94027
53.15439,-6.93706
53.15427,-6.93586
53.15402,-6.93374
53.15331,-6.92845
53.15329,-6.92821
53.15324,-6.92796
53.15214,-6.91966
53.15169,-6.91521
53.15147,-6.91177
53.1514,-6.91016
53.1514,-6.91008
53.15135,-6.90895
53.15132,-6.90714
53.15131,-6.90475
53.15132,-6.90361
53.15137,-6.90122
53.15152,-6.89808
53.15164,-6.89621
53.15171,-6.89532
53.15174,-6.8951
53.15199,-6.89239
53.15232,-6.88953
53.15273,-6.88664
53.15301,-6.88486
53.15346,-6.88243
53.15354,-6.88204
53.15358,-6.88181
53.15538,-6.87305
53.15601,-6.86978
53.15669,-6.86589
53.15715,-6.86295
53.15716,-6.86284
53.15736,-6.86153
53.15747,-6.86067
53.15985,-6.84414
53.15988,-6.84388
53.16111,-6.83526
53.1612,-6.83447
53.16125,-6.83413
53.16136,-6.83325
53.16158,-6.83118
53.16275,-6.81741
53.16277,-6.81702
53.1628,-6.81677
53.1628,-6.81672
53.16282,-6.81649
53.16283,-6.81643
53.16308,-6.8135
53.16308,-6.81344
53.16318,-6.81211
53.16319,-6.81171
53.16321,-6.81135
53.16322,-6.81029
53.16319,-6.80907
53.16317,-6.80874
53.16315,-6.80852
53.16312,-6.80802
53.163,-6.80695
53.16285,-6.80588
53.16274,-6.80521
53.16264,-6.8047
53.16256,-6.80434
53.16222,-6.80295
53.16215,-6.80269
53.16214,-6.80268
53.16205,-6.80236
53.16182,-6.80162
53.16174,-6.80134
53.16138,-6.80023
53.16103,-6.79898
53.16091,-6.79851
53.16069,-6.79749
53.16046,-6.7961
53.16034,-6.79516
53.16022,-6.79361
53.16019,-6.79282
53.16018,-6.79217
53.16022,-6.79056
53.16034,-6.78907
53.16037,-6.78878
53.16051,-6.7877
53.16055,-6.78748
53.16056,-6.78739
53.16065,-6.78686
53.16079,-6.78615
53.16116,-6.78464
53.1613,-6.78413
53.17044,-6.75531
53.17082,-6.75417
53.17113,-6.75332
53.17178,-6.75176
53.17239,-6.75045
53.17345,-6.74841
53.17398,-6.74748
53.17464,-6.74642
53.17568,-6.74491
53.17621,-6.74424
53.17727,-6.74299
53.17856,-6.74155
53.17865,-6.74144
53.18288,-6.73663
53.18298,-6.73653
53.18694,-6.73203
53.18697,-6.73199
53.18786,-6.73098
53.18819,-6.73058
53.18845,-6.7303
53.19367,-6.72436
53.19385,-6.72417
53.19396,-6.72407
53.19434,-6.72369
53.19473,-6.72334
53.19492,-6.72316
53.1951,-6.72302
53.19513,-6.72299
53.19556,-6.72264
53.19568,-6.72256
53.19576,-6.72249
53.19618,-6.72219
53.19628,-6.72213
53.19651,-6.72197
53.19663,-6.7219
53.19669,-6.72186
53.19721,-6.72156
53.19763,-6.72134
53.19836,-6.72101
53.20128,-6.71995
53.20129,-6.71995
53.20206,-6.71966
53.20239,-6.71951
53.20284,-6.71929
53.20327,-6.71906
53.20372,-6.71878
53.20415,-6.71849
53.20429,-6.71837
53.20461,-6.71814
53.20529,-6.71753
53.20629,-6.71648
53.20661,-6.71609
53.20687,-6.71575
53.20758,-6.7147
53.20765,-6.71458
53.20766,-6.71457
53.20816,-6.7137
53.20932,-6.71147
53.20971,-6.71067
53.21011,-6.70992
53.21049,-6.70915
53.21129,-6.70769
53.2116,-6.70718
53.21228,-6.70621
53.21255,-6.70586
53.21283,-6.70552
53.21308,-6.70525
53.2132,-6.70511
53.2138,-6.70448
53.21407,-6.70425
53.2145,-6.70392
53.21494,-6.70365
53.22224,-6.6994
53.22333,-6.69867
53.22437,-6.69789
53.22522,-6.69718
53.22591,-6.69656
53.2266,-6.69589
53.2273,-6.69518
53.22812,-6.6943
53.22897,-6.69328
53.23,-6.69191
53.23044,-6.69129
53.23103,-6.69042
53.23171,-6.68933
53.23193,-6.68896
53.23202,-6.68882
53.23291,-6.68728
53.23346,-6.68623
53.23401,-6.68511
53.23474,-6.68349
53.23481,-6.68335
53.23485,-6.68323
53.23503,-6.6828
53.23504,-6.68277
53.23512,-6.68259
53.23512,-6.68257
53.23577,-6.68093
53.23589,-6.68058
53.23598,-6.68035
53.2363,-6.67945
53.2385,-6.67245
53.23852,-6.67237
53.23855,-6.67229
53.24097,-6.66439
53.24119,-6.66354
53.24136,-6.66274
53.24137,-6.66273
53.2415,-6.66204
53.24165,-6.66108
53.2418,-6.65988
53.24189,-6.65853
53.24192,-6.65747
53.24192,-6.6568
53.24187,-6.65539
53.24178,-6.65432
53.24169,-6.65349
53.24154,-6.65251
53.24133,-6.65142
53.24114,-6.6506
53.24078,-6.64932
53.2406,-6.64877
53.2404,-6.6482
53.24002,-6.64728
53.23978,-6.64674
53.23626,-6.63956
53.23596,-6.6389
53.23588,-6.6387
53.23563,-6.63801
53.23544,-6.63739
53.23523,-6.63657
53.23519,-6.63638
53.23502,-6.63533
53.23498,-6.63499
53.23495,-6.63464
53.23494,-6.63428
53.23492,-6.63412
53.23489,-6.63359
53.23486,-6.63272
53.23487,-6.63237
53.23487,-6.63201
53.2349,-6.63151
53.23493,-6.63116
53.23501,-6.63045
53.23504,-6.63028
53.23506,-6.63011
53.2351,-6.62993
53.23517,-6.62954
53.23533,-6.62889
53.23547,-6.62841
53.23579,-6.62751
53.23724,-6.62384
53.2376,-6.62297
53.23818,-6.62148
53.2396,-6.61768
53.24065,-6.61504
53.24072,-6.61489
53.24115,-6.61381
53.24117,-6.61377
53.2412,-6.61368
53.24182,-6.61213
53.24263,-6.61001
53.2427,-6.60985
53.24273,-6.60976
53.24296,-6.60916
53.24792,-6.59673
53.24802,-6.59646
53.24833,-6.59569
53.24838,-6.59558
53.24874,-6.59466
53.24913,-6.59359
53.2495,-6.59247
53.24953,-6.59236
53.24976,-6.59165
53.24981,-6.59147
53.24997,-6.59098
53.25019,-6.59019
53.25024,-6.59003
53.25033,-6.5897
53.25044,-6.58923
53.25047,-6.58912
53.25068,-6.5882
53.2507,-6.58807
53.25072,-6.58802
53.25099,-6.5865
53.25107,-6.58598
53.25111,-6.58576
53.25112,-6.58572
53.25114,-6.58558
53.25123,-6.58507
53.25123,-6.58504
53.25126,-6.5849
53.25128,-6.58473
53.25135,-6.58433
53.25137,-6.58427
53.25145,-6.58386
53.25209,-6.58002
53.25215,-6.5797
53.25226,-6.57899
53.25257,-6.57662
53.25258,-6.57647
53.25261,-6.57623
53.25269,-6.57541
53.2527,-6.57524
53.25278,-6.57442
53.25286,-6.57377
53.25296,-6.57313
53.25299,-6.57298
53.25313,-6.57209
53.25347,-6.57035
53.25355,-6.57
53.25355,-6.56999
53.25391,-6.56849
53.25394,-6.56841
53.25432,-6.56703
53.2546,-6.56616
53.25461,-6.56611
53.25478,-6.56556
53.25486,-6.56527
53.25495,-6.56499
53.25499,-6.56482
53.25504,-6.56467
53.25522,-6.564
53.25556,-6.56259
53.25564,-6.56222
53.25565,-6.56221
53.25583,-6.56132
53.2559,-6.56103
53.25621,-6.55951
53.25624,-6.55939
53.25637,-6.55878
53.2566,-6.55781
53.25671,-6.5574
53.25677,-6.55715
53.25973,-6.54675
53.25986,-6.54632
53.25989,-6.54619
53.26111,-6.54207
53.26114,-6.54195
53.26244,-6.53751
53.2634,-6.5341
53.26345,-6.53396
53.26375,-6.53289
53.26411,-6.53173
53.26423,-6.53139
53.26436,-6.53099
53.26465,-6.53019
53.26513,-6.52897
53.26925,-6.5196
53.26952,-6.51901
53.26965,-6.5187
53.27045,-6.51695
53.27304,-6.51178
53.27304,-6.51177
53.27467,-6.50851
53.27472,-6.50842
53.27479,-6.50828
53.27494,-6.50795
53.27502,-6.5078
53.27513,-6.50754
53.27514,-6.50753
53.27542,-6.50682
53.2755,-6.50657
53.27558,-6.50635
53.2757,-6.50595
53.27571,-6.50594
53.27589,-6.50531
53.27601,-6.50481
53.27611,-6.50434
53.27612,-6.50427
53.27618,-6.50398
53.27632,-6.50316
53.27632,-6.50312
53.27637,-6.50287
53.27771,-6.49479
53.27781,-6.49424
53.27786,-6.49389
53.27789,-6.49375
53.27793,-6.4935
53.27811,-6.49261
53.27815,-6.49238
53.27948,-6.48658
53.2795,-6.48651
53.27965,-6.48584
53.27979,-6.48527
53.28095,-6.48022
53.28216,-6.47467
53.28221,-6.47448
53.28226,-6.4742
53.28231,-6.47399
53.28239,-6.47357
53.28297,-6.471
53.28302,-6.47081
53.28316,-6.47018
53.28321,-6.46999
53.28335,-6.46939
53.28347,-6.46879
53.28351,-6.46854
53.28353,-6.46845
53.28357,-6.46822
53.2837,-6.46723
53.28372,-6.46697
53.28373,-6.46692
53.28375,-6.46672
53.28377,-6.46635
53.2838,-6.46598
53.2838,-6.46585
53.28381,-6.46565
53.28383,-6.4648
53.28383,-6.4623
53.28387,-6.46153
53.28392,-6.46093
53.28392,-6.4609
53.284,-6.46021
53.28414,-6.4593
53.28417,-6.45918
53.2842,-6.45899
53.28423,-6.45888
53.28441,-6.45808
53.28459,-6.45744
53.28487,-6.45661
53.28491,-6.45652
53.28501,-6.45625
53.28503,-6.45618
53.28516,-6.45587
53.28552,-6.45511
53.28565,-6.45487
53.28608,-6.45412
53.28723,-6.45222
53.28737,-6.452
53.28833,-6.45041
53.28839,-6.45033
53.28864,-6.4499
53.28884,-6.44958
53.28896,-6.44937
53.28913,-6.4491
53.28929,-6.44883
53.28973,-6.44801
53.28985,-6.44777
53.28997,-6.44751
53.29029,-6.44677
53.29029,-6.44676
53.29057,-6.44598
53.29061,-6.44582
53.29062,-6.4458
53.29073,-6.44544
53.2908,-6.44517
53.29087,-6.44493
53.29089,-6.44481
53.29101,-6.44429
53.29114,-6.44359
53.29115,-6.44351
53.29119,-6.44328
53.29129,-6.44256
53.29133,-6.4421
53.29147,-6.4408
53.29149,-6.44054
53.29157,-6.43983
53.2916,-6.43947
53.29205,-6.43526
53.29209,-6.435
53.29211,-6.4348
53.29221,-6.43417
53.29224,-6.43407
53.29226,-6.43394
53.29233,-6.43359
53.29235,-6.43351
53.29241,-6.43319
53.29242,-6.43316
53.29264,-6.4323
53.29269,-6.43213
53.29281,-6.43177
53.29287,-6.43157
53.293,-6.43123
53.29304,-6.43111
53.29322,-6.43064
53.29326,-6.43056
53.2934,-6.43024
53.29363,-6.42976
53.29366,-6.42972
53.29394,-6.42921
53.29398,-6.42915
53.294,-6.4291
53.29411,-6.42893
53.29415,-6.42886
53.29426,-6.42871
53.29449,-6.42837
53.2946,-6.42823
53.29462,-6.42821
53.29475,-6.42805
53.29506,-6.42769
53.29527,-6.42747
53.29543,-6.42729
53.29556,-6.42717
53.29577,-6.42695
53.29726,-6.42547
53.29749,-6.42523
53.29764,-6.42509
53.29901,-6.42372
53.29906,-6.42368
53.29937,-6.42336
53.29945,-6.42329
53.29991,-6.4228
53.30029,-6.42237
53.3006,-6.42196
53.30062,-6.42194
53.30086,-6.4216
53.30135,-6.42084
53.30169,-6.42022
53.30175,-6.42012
53.30203,-6.41954
53.30225,-6.41904
53.30226,-6.41904
53.30251,-6.41842
53.30282,-6.41761
53.30287,-6.41746
53.30319,-6.4166
53.30322,-6.4165
53.30325,-6.41643
53.30562,-6.41
53.30562,-6.40998
53.30595,-6.40912
53.30603,-6.40889
53.30622,-6.40844
53.30633,-6.40816
53.30673,-6.40726
53.30676,-6.40721
53.30698,-6.40674
53.30738,-6.40597
53.30768,-6.40545
53.30771,-6.40539
53.308,-6.40491
53.30803,-6.40487
53.30812,-6.40473
53.30816,-6.40465
53.30844,-6.40424
53.30979,-6.40214
53.31048,-6.40101
53.31067,-6.40068
53.31092,-6.40021
53.31111,-6.39979
53.31153,-6.39874
53.31164,-6.39831
53.31179,-6.39782
53.3119,-6.3974
53.31206,-6.39672
53.31212,-6.39641
53.31219,-6.39611
53.31225,-6.39575
53.31238,-6.39477
53.31254,-6.39313
53.31265,-6.39223
53.31284,-6.39102
53.31301,-6.39021
53.31308,-6.38982
53.31317,-6.38941
53.31361,-6.38766
53.31419,-6.38548
53.31444,-6.38443
53.31452,-6.38414
53.31485,-6.38283
53.3155,-6.38042
53.31554,-6.38029
53.31602,-6.37839
53.31612,-6.37792
53.31621,-6.37756
53.31621,-6.37754
53.31698,-6.37429
53.31703,-6.37403
53.31714,-6.37386
53.31714,-6.37385
53.31731,-6.37314
53.3175,-6.37243
53.31757,-6.37209
53.3176,-6.37199
53.31762,-6.37187
53.31768,-6.37167
53.31773,-6.37158
53.31776,-6.3715
53.31781,-6.37143
53.31787,-6.37133
53.31795,-6.37118
53.31797,-6.37117
53.3181,-6.37097
53.31831,-6.37069
53.31843,-6.37056
53.31854,-6.37047
53.3186,-6.37041
53.31871,-6.37033
53.31873,-6.37032
53.31882,-6.37025
53.31895,-6.37016
53.31896,-6.37016
53.31916,-6.37006
53.31923,-6.37004
53.31931,-6.37003
53.31933,-6.37003
53.3194,-6.37002
53.31951,-6.37004
53.31959,-6.37005
53.31982,-6.37015
53.32006,-6.37027
53.3206,-6.37058
53.32084,-6.37075
53.32088,-6.37077
53.32122,-6.37099
53.32132,-6.37106
53.32141,-6.37113
53.32151,-6.3712
53.32153,-6.37122
53.32179,-6.37141
53.32256,-6.37202
53.32275,-6.37216
53.32299,-6.37235
53.32306,-6.37242
53.32317,-6.37251
53.32331,-6.37251
53.32446,-6.37369
53.32714,-6.37658
53.3294,-6.37897
53.33005,-6.37964
53.33023,-6.37984
53.33155,-6.38121
53.33157,-6.38124
53.33185,-6.38152
53.3323,-6.382
53.33231,-6.38202
53.33353,-6.38331
53.33415,-6.38393
53.33431,-6.38412
53.33444,-6.38425
53.33462,-6.38445
53.33498,-6.38483
53.33515,-6.385
53.33576,-6.38555
53.33618,-6.3859
53.33632,-6.386
53.33643,-6.38609
53.3368,-6.38635
53.33707,-6.38652
53.33748,-6.38674
53.33758,-6.3868
53.3377,-6.38685
53.3378,-6.3869
53.33802,-6.38699
53.33823,-6.38709
53.33856,-6.38722
53.33887,-6.38733
53.33954,-6.38752
53.33998,-6.3876
53.34018,-6.38762
53.34021,-6.38763
53.34032,-6.38764
53.3405,-6.38767
53.34054,-6.38767
53.34068,-6.38768
53.34076,-6.38768
53.34098,-6.38769
53.34147,-6.38769
53.3422,-6.38762
53.34247,-6.38758
53.34283,-6.3875
53.3445,-6.38709
53.34504,-6.38698
53.34604,-6.38675
53.34698,-6.38655
53.34729,-6.38647
53.34742,-6.38645
53.34987,-6.38586
53.35065,-6.3857
53.352,-6.3854
53.35213,-6.38536
53.35461,-6.3848
53.35473,-6.38478
53.3565,-6.38439
53.35686,-6.3843
53.35722,-6.38422
53.35783,-6.38406
53.35801,-6.38399
53.3592,-6.38365
53.3593,-6.38363
53.35988,-6.38348
53.36039,-6.38337
53.36261,-6.38283
53.36369,-6.38238
53.36406,-6.38224
53.36438,-6.38215
53.36539,-6.38184
53.36576,-6.38169
53.36608,-6.38155
53.36639,-6.3814
53.36687,-6.38113
53.36727,-6.38085
53.36765,-6.38056
53.36822,-6.38006
53.36857,-6.37969
53.36891,-6.37931
53.36925,-6.37889
53.36959,-6.37843
53.36997,-6.37784
53.37048,-6.37699
53.37115,-6.37583
53.37154,-6.37526
53.37198,-6.37471
53.37232,-6.37434
53.37262,-6.37405
53.37274,-6.37395
53.37299,-6.3737
53.37339,-6.37334
53.37378,-6.37296
53.3739,-6.37285
53.37449,-6.37227
53.37495,-6.37178
53.37661,-6.3699
53.37695,-6.3695
53.3791,-6.36711
53.37924,-6.36691
53.38073,-6.36519
53.3817,-6.3641
53.38374,-6.36174
53.38387,-6.36157
53.38521,-6.36008
53.38553,-6.35968
53.38578,-6.35935
53.38579,-6.35934
53.38592,-6.35916
53.38603,-6.35902
53.38665,-6.35808
53.3871,-6.35734
53.38715,-6.35725
53.38717,-6.35722
53.38752,-6.35657
53.38795,-6.3557
53.38865,-6.35409
53.38919,-6.35265
53.38942,-6.35207
53.38964,-6.35145
53.39022,-6.34992
53.39114,-6.34739
53.39122,-6.34719
53.39358,-6.34079
53.39358,-6.34078
53.3971,-6.33125
53.39713,-6.33118
53.39715,-6.33111
53.39974,-6.32406
53.4002,-6.32285
53.40088,-6.32099
53.40112,-6.32041
53.4014,-6.31966
53.40175,-6.31866
53.40187,-6.31855
53.4019,-6.31849
53.40263,-6.31676
53.40318,-6.3155
53.40324,-6.31534
53.40338,-6.31507
53.40405,-6.31348
53.40421,-6.31317
53.40428,-6.31308
53.40436,-6.31299
53.4044,-6.31293
53.40451,-6.31285
53.40462,-6.31278
53.4047,-6.31274
53.40475,-6.31272
53.40482,-6.3127
53.40493,-6.31268
53.40496,-6.31268
53.4054,-6.31263
53.4055,-6.31263
53.40563,-6.31262
53.4057,-6.31261
53.40601,-6.31261
53.40626,-6.31265
53.4065,-6.31271
53.4066,-6.31273
53.40662,-6.31272
53.40668,-6.31268
53.40737,-6.31288
53.40804,-6.31313
53.40917,-6.31363
53.40984,-6.31395
53.4104,-6.31424
53.41138,-6.31479
53.41177,-6.31505
53.41218,-6.31528
53.41276,-6.31565
53.41279,-6.31579
53.41291,-6.31589
53.41307,-6.31608
53.41316,-6.31622
53.41322,-6.31639
53.41325,-6.31646
53.41333,-6.31679
53.41335,-6.31694
53.41335,-6.31697
53.41336,-6.31703
53.41336,-6.31734
53.41334,-6.31758
53.41313,-6.31848
53.41308,-6.31866
53.41303,-6.31887
53.41349,-6.3192
53.41383,-6.31947
53.41385,-6.31949
53.41476,-6.32012
53.41512,-6.3204
53.41535,-6.32056
53.4167,-6.32157
53.41675,-6.3216
53.41733,-6.32206
53.41786,-6.32241
53.41803,-6.32255
53.41861,-6.323
53.41885,-6.32315
53.41891,-6.32323
53.41959,-6.32371
53.41975,-6.32384
53.42035,-6.32425
53.42071,-6.32452
53.42132,-6.32493
53.42151,-6.32507
53.42328,-6.32631
53.42343,-6.32566
53.4235,-6.32539
53.42351,-6.32533
53.42365,-6.32483
53.42367,-6.32469
53.42369,-6.3243
53.42368,-6.32424
53.42368,-6.32412
53.42366,-6.32396
53.42366,-6.32394
53.42357,-6.32337
53.42357,-6.32334
53.42354,-6.32307
53.42354,-6.32299
53.42352,-6.32251
53.42352,-6.32189
53.42353,-6.32164
53.42355,-6.32144
53.4236,-6.32117
53.42389,-6.31993
53.42393,-6.31979
53.42408,-6.31906
53.42413,-6.31876
53.42417,-6.31844
53.4242,-6.31763
53.42424,-6.31712
53.42425,-6.31691
53.42472,-6.31322
53.42478,-6.31255
53.42482,-6.31184
53.42482,-6.31091
53.42479,-6.31048
53.42466,-6.3091
53.42449,-6.30756
53.42444,-6.30678
53.42442,-6.30615
53.42443,-6.30568
53.42445,-6.30568
53.42446,-6.30567
53.42447,-6.30567
53.42448,-6.30566
53.42449,-6.30566
53.42449,-6.30565
53.4245,-6.30565
53.42452,-6.30563
53.42452,-6.30562
53.42454,-6.3056
53.42454,-6.30559
53.42455,-6.30557
53.42455,-6.30556
53.42456,-6.30555
53.42456,-6.30552
53.42457,-6.30551
53.42457,-6.30536
53.42456,-6.30535
53.42456,-6.30533
53.42455,-6.30532
53.42455,-6.30531
53.42454,-6.30529
53.42454,-6.30528
53.42452,-6.30526
53.42452,-6.30525
53.4245,-6.30523
53.42449,-6.30523
53.42448,-6.30522
53.42448,-6.30521
53.42447,-6.30521
53.42445,-6.3052
53.42441,-6.3052
53.4244,-6.30521
53.42439,-6.30521
53.42438,-6.30522
53.42437,-6.30522
53.42433,-6.30526
53.42433,-6.30527
53.42432,-6.30528
53.42432,-6.30529
53.42431,-6.30531
53.42431,-6.30532
53.4243,-6.30533
53.4243,-6.30535
53.42429,-6.30536
53.42429,-6.30552
53.42338,-6.30587
53.42336,-6.30569
53.42333,-6.30529
53.42332,-6.3049
53.42332,-6.30362
53.4234,-6.30084
53.42342,-6.29827
53.4234,-6.29726
53.42338,-6.29685
53.42342,-6.29685
53.42447,-6.29669
53.42473,-6.29664
53.42481,-6.29658
53.42485,-6.29654
53.42489,-6.29648
53.42493,-6.29641
53.42496,-6.29634
53.42498,-6.29627
53.425,-6.29617
53.42501,-6.29608
53.42501,-6.29598
53.42478,-6.29182
53.42477,-6.29141
53.42477,-6.29104
53.42479,-6.29071
53.42491,-6.28958
53.42492,-6.28938
53.42492,-6.2892
53.42493,-6.28902
53.42493,-6.2883
53.42489,-6.2878
53.42486,-6.28757
53.42443,-6.28491
53.42441,-6.28473
53.4244,-6.28455
53.42438,-6.28434
53.42371,-6.2726
53.42358,-6.27077
53.42342,-6.26778
53.4234,-6.26758
53.4234,-6.26748
53.42342,-6.26746
53.42343,-6.26744
53.42349,-6.26744
53.4235,-6.26743
53.42356,-6.26741
53.42397,-6.26711
53.42403,-6.26706
53.42406,-6.26703
53.42409,-6.26701
53.42412,-6.26698
53.42415,-6.26694
53.42418,-6.26691
53.42421,-6.26687
53.42608,-6.26368
53.42612,-6.2636
53.42615,-6.26353
53.42632,-6.26308
53.42635,-6.26302
53.42637,-6.26293
53.42639,-6.2628
53.42639,-6.26262
53.42641,-6.26246
53.42643,-6.26239
53.42644,-6.26233
53.42646,-6.26226
53.42652,-6.26211
53.42656,-6.26203
53.42662,-6.26194
53.42666,-6.26189
53.42675,-6.26179
53.42678,-6.26177
53.42682,-6.26175
53.42685,-6.26174
53.42693,-6.26172
53.42699,-6.26169
53.42703,-6.26166
53.42707,-6.26162
53.4271,-6.26158
53.42764,-6.26065
